date,daily_quantity_실리콘_계란찜기(소),daily_quantity_실리콘_뒤짐개,daily_quantity_실리콘_볶음주걱,daily_quantity_내열장갑,daily_quantity_실리콘_계란찜기(대),daily_quantity_실리콘_도마(대),daily_quantity_실리콘_냄비잡이,daily_quantity_실리콘_스테인리스집게(소),daily_quantity_오픈수납함,daily_quantity_실리콘_계란찜기(중),daily_quantity_실리콘_도마(중),daily_quantity_실리콘_멀티스푼,daily_quantity_실리콘_비누받침,daily_quantity_실리콘_스테인리스집게(대),daily_quantity_실리콘_다용도 오일브러쉬,daily_quantity_실리콘_덮개세트_샤크
2022-01-03 0:00,0,0,0,0,0,0,0,0,184,0,0,0,0,40,0,0
2022-01-04 0:00,0,0,0,10,10,40,0,0,10,0,40,0,0,1,0,0
2022-01-05 0:00,0,30,0,0,0,36,0,10,1,0,18,60,0,12,0,30
2022-01-06 0:00,0,0,0,0,0,0,0,0,4,0,0,0,0,0,0,0
2022-01-07 0:00,0,0,30,0,0,0,0,0,10,0,0,17,0,0,0,0
2022-01-08 0:00,0,0,0,0,0,0,0,0,0,0,0,0,0,0,0,0
2022-01-09 0:00,0,0,0,0,0,0,0,0,0,0,0,0,0,0,0,0
2022-01-10 0:00,0,25,20,0,0,1,15,50,108,0,2,0,0,40,0,0
2022-01-11 0:00,0,0,0,0,0,5,0,0,5,0,0,0,0,0,0,0
2022-01-12 0:00,0,70,70,60,0,60,120,0,22,0,90,90,0,0,0,0
2022-01-13 0:00,0,0,30,0,10,0,0,0,0,0,0,0,0,0,0,1
2022-01-14 0:00,0,120,120,0,0,0,0,0,1,0,0,40,0,0,0,0
2022-01-15 0:00,0,0,0,0,0,0,0,0,0,0,0,0,0,0,0,0
2022-01-16 0:00,0,0,0,0,0,0,0,0,0,0,0,0,0,0,0,0
2022-01-17 0:00,0,0,0,0,0,0,-40,7,195,0,0,12,0,27,0,0
2022-01-18 0:00,0,0,0,0,0,0,0,0,0,0,0,15,0,0,0,0
2022-01-19 0:00,0,0,0,0,0,0,0,0,10,0,0,15,0,0,0,0
2022-01-20 0:00,0,20,0,0,4,0,10,0,16,10,0,0,0,0,0,0
2022-01-21 0:00,0,0,0,0,-10,0,0,-51,2,0,0,0,0,-62,0,0
2022-01-22 0:00,0,0,0,0,0,0,0,0,0,0,0,0,0,0,0,0
2022-01-23 0:00,0,0,0,0,0,0,0,0,0,0,0,0,0,0,0,0
2022-01-24 0:00,0,0,0,0,0,0,0,0,113,0,0,0,0,20,0,10
2022-01-25 0:00,0,0,0,0,3,23,0,8,4,0,30,0,0,8,0,0
2022-01-26 0:00,0,0,0,0,0,10,0,0,-3,0,0,0,0,12,0,0
2022-01-27 0:00,0,0,0,0,0,0,0,0,0,0,0,0,0,0,0,0
2022-01-28 0:00,0,0,0,0,0,0,0,0,0,0,0,0,0,0,0,0
2022-01-29 0:00,0,0,0,0,0,0,0,0,0,0,0,0,0,0,0,0
2022-01-30 0:00,0,0,0,0,0,0,0,0,0,0,0,0,0,0,0,0
2022-01-31 0:00,4,0,0,0,0,0,0,4,402,5,1,0,0,0,0,0
2022-02-01 0:00,0,0,0,0,0,0,0,0,0,0,0,0,0,0,0,0
2022-02-02 0:00,0,0,0,0,0,0,0,0,0,0,0,0,0,0,0,0
2022-02-03 0:00,0,0,0,0,0,0,0,0,9,0,0,0,0,0,0,0
2022-02-04 0:00,0,0,15,15,0,0,0,0,7,0,0,0,0,0,0,0
2022-02-05 0:00,0,0,0,0,0,0,0,0,0,0,0,0,0,0,0,0
2022-02-06 0:00,0,0,0,0,0,0,0,0,0,0,0,0,0,0,0,0
2022-02-07 0:00,0,0,0,0,0,0,0,0,284,0,0,0,0,0,0,0
2022-02-08 0:00,0,0,0,0,0,12,1,1,8,0,12,0,0,0,0,0
2022-02-09 0:00,0,10,40,0,0,15,15,24,0,0,20,10,0,0,0,0
2022-02-10 0:00,0,0,0,0,0,0,0,43,12,3,0,0,0,36,0,0
2022-02-11 0:00,0,0,10,0,0,0,0,0,661,0,0,20,0,0,0,0
2022-02-12 0:00,0,0,0,0,0,0,0,0,168,0,0,0,0,0,0,0
2022-02-13 0:00,0,0,0,0,0,0,0,0,0,0,0,0,0,0,0,0
2022-02-14 0:00,0,60,0,30,0,9,40,0,564,0,18,0,0,0,0,0
2022-02-15 0:00,0,0,0,0,0,0,0,0,143,0,0,0,0,0,0,0
2022-02-16 0:00,0,0,15,15,0,0,10,0,4,0,0,0,0,0,0,0
2022-02-17 0:00,0,0,0,0,0,0,0,0,0,0,0,0,0,0,0,0
2022-02-18 0:00,0,0,0,0,0,0,0,0,8,0,0,0,0,0,0,0
2022-02-19 0:00,0,0,0,0,0,0,0,0,0,0,0,0,0,0,0,0
2022-02-20 0:00,0,0,0,0,0,0,0,0,0,0,0,0,0,0,0,0
2022-02-21 0:00,0,0,40,0,0,0,0,0,0,0,0,0,0,0,0,5
2022-02-22 0:00,0,40,50,0,0,0,0,0,-6,0,0,0,0,0,0,0
2022-02-23 0:00,0,0,30,0,0,0,3,0,0,0,0,10,0,0,0,0
2022-02-24 0:00,0,0,0,0,0,0,0,0,3,0,0,0,0,6,0,0
2022-02-25 0:00,0,0,0,0,0,0,0,0,7,0,0,0,0,0,0,0
2022-02-26 0:00,0,0,0,0,0,0,0,0,0,0,0,0,0,0,0,0
2022-02-27 0:00,0,0,0,0,0,0,0,0,0,0,0,0,0,0,0,0
2022-02-28 0:00,0,0,0,0,0,2,0,0,674,13,1,1,0,20,0,1
2022-03-01 0:00,0,0,30,0,0,0,0,0,0,0,0,0,0,0,0,0
2022-03-02 0:00,0,0,0,0,0,0,0,36,0,0,0,12,0,36,0,0
2022-03-03 0:00,0,0,0,0,0,0,0,0,2,0,32,5,0,0,0,0
2022-03-04 0:00,0,60,40,0,0,0,0,0,80,0,0,20,0,0,0,0
2022-03-05 0:00,0,0,0,0,0,0,0,0,0,0,0,0,0,0,0,0
2022-03-06 0:00,0,0,0,0,0,0,0,0,0,0,0,0,0,0,0,0
2022-03-07 0:00,0,0,0,30,0,0,0,0,316,0,30,0,0,20,0,0
2022-03-08 0:00,0,0,20,0,0,0,0,10,0,0,10,0,0,0,0,0
2022-03-09 0:00,0,0,0,0,0,0,0,0,0,0,0,0,0,0,0,0
2022-03-10 0:00,0,145,100,0,0,5,10,36,0,0,0,0,0,36,0,0
2022-03-11 0:00,0,10,10,0,0,20,0,0,20,0,0,0,0,0,0,0
2022-03-12 0:00,0,0,0,0,0,0,0,0,0,0,0,0,0,0,0,0
2022-03-13 0:00,0,0,0,0,0,0,0,0,0,0,0,0,0,0,0,0
2022-03-14 0:00,0,0,0,0,0,0,0,0,240,0,0,15,0,40,0,0
2022-03-15 0:00,0,0,0,0,0,0,0,0,0,0,0,9,0,0,0,0
2022-03-16 0:00,0,0,0,0,0,6,0,3,0,0,6,0,0,5,0,0
2022-03-17 0:00,0,40,40,15,0,6,0,0,0,0,0,0,0,0,0,0
2022-03-18 0:00,0,0,0,0,0,0,0,0,4,0,0,0,0,0,0,0
2022-03-19 0:00,0,0,0,0,0,0,0,0,0,0,0,0,0,0,0,0
2022-03-20 0:00,0,0,0,0,0,0,0,0,0,0,0,0,0,0,0,0
2022-03-21 0:00,0,0,0,0,0,0,0,0,276,0,0,0,0,21,0,0
2022-03-22 0:00,0,400,0,0,48,0,0,0,0,60,120,0,0,0,0,0
2022-03-23 0:00,0,0,0,0,0,0,0,0,8,0,0,0,0,0,0,0
2022-03-24 0:00,0,0,0,0,2,0,0,0,0,0,0,10,0,0,0,0
2022-03-25 0:00,0,0,0,0,0,0,0,0,2,8,23,40,0,0,0,0
2022-03-26 0:00,0,0,0,0,0,0,0,0,0,0,0,0,0,0,0,0
2022-03-27 0:00,0,0,0,0,0,0,0,0,0,0,0,0,0,0,0,0
2022-03-28 0:00,0,40,40,0,0,0,0,0,26,0,0,40,0,0,0,0
2022-03-29 0:00,4,10,10,0,4,0,0,0,6,4,0,0,0,6,0,10
2022-03-30 0:00,0,0,0,0,0,0,0,0,0,0,0,0,0,0,0,0
2022-03-31 0:00,10,0,0,0,0,0,0,2,546,4,1,0,0,8,0,0
2022-04-01 0:00,0,0,0,0,0,0,0,0,0,1,0,0,0,0,0,0
2022-04-02 0:00,0,0,0,0,0,0,0,0,0,0,0,0,0,0,0,0
2022-04-03 0:00,0,0,0,0,0,0,0,0,0,0,0,0,0,0,0,0
2022-04-04 0:00,0,0,0,60,3,0,0,0,15,0,0,0,0,80,0,1
2022-04-05 0:00,0,0,0,0,0,0,0,0,0,0,7,0,0,6,0,30
2022-04-06 0:00,0,0,0,0,0,0,0,0,0,0,0,0,0,0,0,0
2022-04-07 0:00,0,0,0,0,0,0,40,0,140,0,0,0,0,0,0,0
2022-04-08 0:00,0,190,100,0,0,20,12,0,2,0,20,30,0,5,0,0
2022-04-09 0:00,0,0,0,0,0,0,0,0,0,0,0,0,0,0,0,0
2022-04-10 0:00,0,0,0,0,0,0,0,0,0,0,0,0,0,0,0,0
2022-04-11 0:00,0,0,0,0,0,0,0,0,13,0,0,0,0,20,0,0
2022-04-12 0:00,3,0,10,0,0,0,0,41,6,3,0,5,0,36,0,5
2022-04-13 0:00,0,0,0,0,0,0,0,0,360,0,0,0,0,0,0,0
2022-04-14 0:00,0,0,0,0,0,0,0,0,120,0,0,0,0,0,0,0
2022-04-15 0:00,0,0,0,0,0,0,0,36,4,0,0,0,0,36,0,0
2022-04-16 0:00,0,0,0,0,0,0,0,0,0,0,0,0,0,0,0,0
2022-04-17 0:00,0,0,0,0,0,0,0,0,0,0,0,0,0,0,0,0
2022-04-18 0:00,0,0,0,0,0,0,0,0,228,0,0,0,0,100,0,0
2022-04-19 0:00,0,0,0,80,0,40,0,0,-6,0,0,0,0,0,0,0
2022-04-20 0:00,0,0,0,0,0,0,0,0,0,0,0,0,0,0,0,0
2022-04-21 0:00,0,0,40,0,0,20,40,0,0,0,0,0,0,0,0,0
2022-04-22 0:00,0,0,0,0,0,20,0,36,0,0,0,0,0,36,0,0
2022-04-23 0:00,0,0,0,0,0,0,0,0,0,0,0,0,0,0,0,0
2022-04-24 0:00,0,0,0,0,0,0,0,0,0,0,0,0,0,0,0,0
2022-04-25 0:00,0,10,10,0,0,0,0,1,150,0,0,20,0,41,0,0
2022-04-26 0:00,0,0,0,0,0,0,0,0,24,0,0,0,0,0,0,0
2022-04-27 0:00,0,0,0,0,0,0,0,0,6,0,0,0,0,0,0,1
2022-04-28 0:00,0,0,0,0,0,0,0,0,0,0,10,0,0,0,0,0
2022-04-29 0:00,0,0,0,0,0,0,0,0,0,0,0,0,0,0,0,0
2022-04-30 0:00,8,0,0,0,0,0,4,1,426,5,0,0,0,5,0,1
2022-05-01 0:00,0,0,0,0,0,0,0,0,0,0,0,0,0,0,0,0
2022-05-02 0:00,6,10,10,0,4,6,0,0,2,3,0,0,0,0,0,0
2022-05-03 0:00,0,0,0,0,0,0,0,0,0,0,0,0,0,0,0,0
2022-05-04 0:00,0,60,0,0,0,0,0,0,0,0,0,20,0,0,0,0
2022-05-05 0:00,0,60,60,0,0,0,40,36,0,0,0,0,0,36,0,0
2022-05-06 0:00,0,0,0,0,0,0,0,0,0,0,0,0,0,0,0,0
2022-05-07 0:00,0,0,0,0,0,0,0,0,0,0,0,0,0,0,0,0
2022-05-08 0:00,0,0,0,0,0,0,0,0,0,0,0,0,0,0,0,0
2022-05-09 0:00,0,0,0,0,1,0,0,0,93,0,0,0,0,0,0,0
2022-05-10 0:00,0,0,0,0,0,0,0,0,0,0,0,0,0,0,0,0
2022-05-11 0:00,0,0,15,0,0,0,0,5,7,0,0,0,0,0,0,0
2022-05-12 0:00,4,0,3,0,2,0,0,0,0,0,20,5,0,0,0,0
2022-05-13 0:00,4,10,50,15,0,0,20,0,302,3,0,6,0,0,0,0
2022-05-14 0:00,0,0,0,0,0,0,0,0,0,0,0,0,0,0,0,0
2022-05-15 0:00,0,0,0,0,0,0,0,0,0,0,0,0,0,0,0,0
2022-05-16 0:00,0,0,0,0,1,0,0,0,161,1,0,0,0,60,0,0
2022-05-17 0:00,0,0,0,0,0,0,0,0,6,0,0,0,0,0,0,0
2022-05-18 0:00,0,10,0,0,0,0,10,0,3,0,0,6,0,0,0,0
2022-05-19 0:00,0,0,0,0,0,0,0,0,0,0,10,0,0,0,0,5
2022-05-20 0:00,0,0,0,0,0,0,0,0,12,0,0,15,0,0,0,0
2022-05-21 0:00,0,0,0,0,0,0,0,0,0,0,0,0,0,0,0,0
2022-05-22 0:00,0,0,0,0,0,0,0,0,0,0,0,0,0,0,0,0
2022-05-23 0:00,0,0,0,0,0,20,0,0,4,0,0,0,0,1,0,0
2022-05-24 0:00,0,10,0,0,0,20,0,0,2,2,10,16,0,5,0,0
2022-05-25 0:00,0,0,0,0,0,0,0,0,0,0,0,0,0,0,0,0
2022-05-26 0:00,0,40,0,50,0,0,0,36,0,0,0,0,0,36,0,15
2022-05-27 0:00,0,0,0,0,0,0,0,0,6,0,0,0,0,0,0,0
2022-05-28 0:00,0,0,0,0,0,0,0,0,0,0,0,0,0,0,0,0
2022-05-29 0:00,0,0,0,0,0,0,0,0,0,0,0,0,0,0,0,0
2022-05-30 0:00,0,0,0,0,0,0,0,0,74,0,0,0,0,60,0,0
2022-05-31 0:00,4,0,0,0,0,0,0,0,364,4,0,1,0,1,0,0
2022-06-01 0:00,0,0,0,0,0,0,0,0,0,0,0,0,0,0,0,0
2022-06-02 0:00,0,0,0,0,0,0,0,0,12,0,15,0,0,0,0,0
2022-06-03 0:00,0,0,60,0,0,7,0,36,0,0,15,0,0,36,0,0
2022-06-04 0:00,0,0,0,0,0,0,0,0,0,0,0,0,0,0,0,0
2022-06-05 0:00,0,0,0,0,0,0,0,0,0,0,0,0,0,0,0,0
2022-06-06 0:00,0,0,0,0,0,0,0,0,0,0,0,0,0,0,0,0
2022-06-07 0:00,0,0,0,0,0,0,0,0,2,0,0,0,0,0,0,0
2022-06-08 0:00,0,20,0,2,0,0,20,10,0,0,10,0,0,15,0,0
2022-06-09 0:00,0,0,0,0,0,0,0,0,162,0,0,0,0,0,0,0
2022-06-10 0:00,12,20,50,0,12,0,0,0,7,12,0,40,0,0,0,0
2022-06-11 0:00,0,0,0,0,0,0,0,0,0,0,0,0,0,0,0,0
2022-06-12 0:00,0,0,0,0,0,0,0,0,0,0,0,0,0,0,0,0
2022-06-13 0:00,0,0,20,0,0,1,0,0,8,0,15,0,0,0,0,0
2022-06-14 0:00,0,30,0,0,0,0,26,36,0,0,0,60,0,36,0,0
2022-06-15 0:00,0,0,10,45,0,12,0,0,588,0,0,0,0,0,0,0
2022-06-16 0:00,0,0,0,0,0,5,40,0,144,2,0,0,0,7,0,0
2022-06-17 0:00,0,0,0,0,0,0,20,0,0,0,0,0,0,0,0,0
2022-06-18 0:00,0,0,0,0,0,0,0,0,0,0,0,0,0,0,0,0
2022-06-19 0:00,0,0,0,0,0,0,0,0,0,0,0,0,0,0,0,0
2022-06-20 0:00,60,0,0,0,0,0,0,0,474,0,0,0,0,0,0,0
2022-06-21 0:00,0,0,0,0,0,0,0,0,2,0,0,0,0,0,0,0
2022-06-22 0:00,0,0,10,15,0,0,0,0,159,0,0,0,0,0,0,0
2022-06-23 0:00,0,0,10,60,3,20,6,0,4,0,12,0,0,0,0,0
2022-06-24 0:00,0,40,20,0,0,10,0,0,6,0,6,0,0,0,0,0
2022-06-25 0:00,0,0,0,0,0,0,0,0,0,0,0,0,0,0,0,0
2022-06-26 0:00,0,0,0,0,0,0,0,0,0,0,0,0,0,0,0,0
2022-06-27 0:00,0,0,0,0,0,0,0,0,12,0,0,0,0,40,0,-1
2022-06-28 0:00,0,0,0,0,0,0,0,0,4,0,0,0,0,0,0,0
2022-06-29 0:00,0,0,0,0,1,0,0,0,0,0,0,0,0,0,0,0
2022-06-30 0:00,6,25,11,0,0,0,0,2,420,5,0,7,0,0,0,0
2022-07-01 0:00,0,0,0,3,0,0,0,0,0,0,0,0,0,0,0,0
2022-07-02 0:00,0,0,0,0,0,0,0,0,0,0,0,0,0,0,0,0
2022-07-03 0:00,0,0,0,0,0,0,0,0,0,0,0,0,0,0,0,0
2022-07-04 0:00,0,0,0,0,0,0,0,0,170,0,0,0,0,20,0,0
2022-07-05 0:00,0,0,0,0,0,7,0,4,2,0,7,0,0,3,0,0
2022-07-06 0:00,0,0,0,0,0,0,0,0,0,0,0,0,0,0,0,0
2022-07-07 0:00,0,0,0,0,0,0,0,0,0,0,0,0,0,0,0,0
2022-07-08 0:00,0,0,60,20,0,7,0,0,0,0,6,20,0,0,0,0
2022-07-09 0:00,0,0,0,0,0,0,0,0,0,0,0,0,0,0,0,0
2022-07-10 0:00,0,0,0,0,0,0,0,0,0,0,0,0,0,0,0,0
2022-07-11 0:00,0,0,0,5,0,0,0,0,0,0,0,0,0,40,0,0
2022-07-12 0:00,0,0,0,0,0,0,0,0,14,0,0,0,0,0,0,0
2022-07-13 0:00,0,0,0,0,0,0,0,0,2,0,0,0,0,0,0,0
2022-07-14 0:00,0,0,0,0,0,40,0,0,12,0,30,0,0,0,0,0
2022-07-15 0:00,0,60,0,0,0,0,0,0,120,0,0,0,0,0,0,0
2022-07-16 0:00,0,0,0,0,0,0,0,0,0,0,0,0,0,0,0,0
2022-07-17 0:00,0,0,0,0,0,0,0,0,0,0,0,0,0,0,0,0
2022-07-18 0:00,0,0,0,0,1,0,0,0,77,0,0,30,0,40,0,15
2022-07-19 0:00,0,0,0,0,0,0,0,0,134,0,0,0,0,0,0,0
2022-07-20 0:00,0,0,0,0,0,13,40,36,2,0,0,10,0,36,0,0
2022-07-21 0:00,0,0,0,0,0,0,0,0,150,0,0,0,0,0,0,0
2022-07-22 0:00,0,15,20,0,0,0,0,0,146,0,0,10,0,0,0,0
2022-07-23 0:00,0,0,0,0,0,0,0,0,0,0,0,0,0,0,0,0
2022-07-24 0:00,0,0,0,0,0,0,0,0,0,0,0,0,0,0,0,0
2022-07-25 0:00,0,0,0,0,0,0,0,0,190,0,0,0,0,0,0,0
2022-07-26 0:00,0,0,2,0,0,0,0,0,0,0,0,0,0,0,0,0
2022-07-27 0:00,0,13,0,0,48,0,0,0,0,0,0,30,0,0,0,30
2022-07-28 0:00,0,0,0,0,0,0,0,0,164,0,0,0,0,0,0,0
2022-07-29 0:00,0,0,0,0,0,0,0,0,54,0,0,0,0,40,0,0
2022-07-30 0:00,0,0,0,0,0,0,0,0,0,0,0,0,0,0,0,0
2022-07-31 0:00,6,0,0,1,0,7,0,0,756,12,2,0,0,2,0,0
2022-08-01 0:00,0,0,0,0,0,0,0,0,2,0,0,1,0,0,0,0
2022-08-02 0:00,0,0,0,0,0,0,0,0,2,0,0,0,0,0,0,0
2022-08-03 0:00,0,0,0,0,0,0,0,0,0,0,0,0,0,0,0,0
2022-08-04 0:00,0,0,0,0,0,0,0,0,0,0,0,0,0,0,0,0
2022-08-05 0:00,0,40,60,0,0,0,20,0,4,0,15,39,0,0,0,0
2022-08-06 0:00,0,0,0,0,0,0,0,0,0,0,0,0,0,0,0,0
2022-08-07 0:00,0,0,0,0,0,0,0,0,0,0,0,0,0,0,0,0
2022-08-08 0:00,0,0,0,0,2,0,0,10,20,3,0,0,0,40,0,0
2022-08-09 0:00,0,20,20,0,0,0,10,0,0,0,0,10,0,0,0,0
2022-08-10 0:00,0,0,0,0,0,0,0,0,6,0,0,0,0,0,0,0
2022-08-11 0:00,4,0,60,0,0,0,0,0,9,3,0,0,0,0,0,39
2022-08-12 0:00,0,0,60,25,0,8,0,0,0,0,11,0,0,0,0,0
2022-08-13 0:00,0,0,0,0,0,0,0,0,0,0,0,0,0,0,0,0
2022-08-14 0:00,0,0,0,0,0,0,0,0,0,0,0,0,0,0,0,0
2022-08-15 0:00,0,0,0,0,0,0,0,0,0,0,0,0,0,0,0,0
2022-08-16 0:00,0,10,0,0,0,0,0,37,2,0,10,0,0,3,0,8
2022-08-17 0:00,0,20,0,0,0,0,0,10,12,0,0,8,0,0,0,0
2022-08-18 0:00,0,0,0,0,0,0,0,0,0,0,0,0,0,0,0,0
2022-08-19 0:00,0,0,0,0,0,0,20,0,0,0,0,0,0,0,0,10
2022-08-20 0:00,0,0,0,0,0,0,0,0,0,0,0,0,0,0,0,0
2022-08-21 0:00,0,0,0,0,0,0,0,0,0,0,0,0,0,0,0,0
2022-08-22 0:00,0,0,0,60,24,0,80,0,103,0,0,0,0,80,0,0
2022-08-23 0:00,0,0,0,30,0,0,0,36,404,0,0,50,0,36,0,0
2022-08-24 0:00,0,40,0,0,0,15,0,0,2,0,15,0,0,0,0,0
2022-08-25 0:00,0,0,0,0,0,0,0,0,0,0,0,0,0,0,0,0
2022-08-26 0:00,0,0,0,0,0,0,80,0,0,0,0,0,0,0,0,0
2022-08-27 0:00,0,0,0,0,0,0,0,0,0,0,0,0,0,0,0,0
2022-08-28 0:00,0,0,0,0,0,0,0,0,0,0,0,0,0,0,0,0
2022-08-29 0:00,0,0,0,0,0,0,0,0,0,0,0,0,0,0,0,0
2022-08-30 0:00,0,0,0,0,0,0,0,0,6,0,0,0,0,0,0,0
2022-08-31 0:00,6,0,0,0,0,3,1,1,514,6,1,0,0,2,0,0
2022-09-01 0:00,0,0,40,10,0,0,40,26,0,0,0,20,0,21,0,20
2022-09-02 0:00,0,0,0,0,0,0,0,0,3,0,0,0,0,0,0,0
2022-09-03 0:00,0,0,0,0,0,0,0,0,0,0,0,0,0,0,0,0
2022-09-04 0:00,0,0,0,0,0,0,0,0,0,0,0,0,0,0,0,0
2022-09-05 0:00,80,0,0,180,0,0,-80,0,42,0,0,0,0,60,0,0
2022-09-06 0:00,4,10,0,10,0,6,0,0,0,0,0,10,0,36,0,0
2022-09-07 0:00,0,0,10,0,0,0,40,0,0,0,0,0,0,0,0,0
2022-09-08 0:00,0,20,0,6,0,0,0,0,0,0,12,0,0,0,0,3
2022-09-09 0:00,0,0,0,0,0,0,0,0,0,0,0,0,0,0,0,0
2022-09-10 0:00,0,0,0,0,0,0,0,0,0,0,0,0,0,0,0,0
2022-09-11 0:00,0,0,0,0,0,0,0,0,0,0,0,0,0,0,0,0
2022-09-12 0:00,0,0,0,0,0,0,0,0,0,0,0,0,0,0,0,0
2022-09-13 0:00,0,0,0,0,0,0,0,0,10,0,0,0,0,0,0,0
2022-09-14 0:00,0,0,0,0,0,0,0,0,6,0,0,0,0,0,0,0
2022-09-15 0:00,0,0,0,0,0,30,40,0,8,0,0,0,0,0,0,0
2022-09-16 0:00,0,0,0,0,0,0,0,0,3,0,0,0,0,0,0,0
2022-09-17 0:00,0,0,0,0,0,0,0,0,0,0,0,0,0,0,0,0
2022-09-18 0:00,0,0,0,0,0,0,0,0,0,0,0,0,0,0,0,0
2022-09-19 0:00,0,0,0,0,0,0,0,0,128,0,0,0,0,60,0,0
2022-09-20 0:00,0,0,0,10,0,0,0,0,0,0,6,0,0,0,0,0
2022-09-21 0:00,0,0,0,0,0,0,0,0,400,0,0,0,0,0,0,0
2022-09-22 0:00,0,60,120,0,0,0,0,0,4,0,30,0,0,0,0,0
2022-09-23 0:00,0,30,55,20,0,0,40,0,292,0,0,30,0,0,0,0
2022-09-24 0:00,0,0,0,0,0,0,0,0,0,0,0,0,0,0,0,0
2022-09-25 0:00,0,0,0,0,0,0,0,0,0,0,0,0,0,0,0,0
2022-09-26 0:00,0,0,0,0,0,0,0,0,568,0,0,0,0,20,0,0
2022-09-27 0:00,0,0,0,0,0,0,0,0,0,0,0,0,0,0,0,0
2022-09-28 0:00,0,0,0,0,0,0,0,0,3,0,10,0,0,0,0,0
2022-09-29 0:00,0,0,12,0,0,0,0,0,6,0,0,0,0,0,0,0
2022-09-30 0:00,7,0,0,1,0,3,0,2,402,5,3,0,0,0,0,1
2022-10-01 0:00,0,0,0,0,0,0,0,0,0,0,0,0,0,0,0,0
2022-10-02 0:00,0,0,0,0,0,0,0,0,0,0,0,0,0,0,0,0
2022-10-03 0:00,0,0,0,0,0,0,0,0,0,0,0,0,0,0,0,0
2022-10-04 0:00,0,0,0,0,0,0,0,0,8,0,0,0,0,0,0,0
2022-10-05 0:00,0,0,0,60,2,0,0,0,0,0,0,0,0,0,0,0
2022-10-06 0:00,0,0,0,50,0,5,0,36,4,0,0,0,0,0,0,0
2022-10-07 0:00,0,0,0,0,0,0,0,0,11,0,0,0,0,0,0,0
2022-10-08 0:00,0,0,0,0,0,0,0,0,0,0,0,0,0,0,0,0
2022-10-09 0:00,0,0,0,0,0,0,0,0,0,0,0,0,0,0,0,0
2022-10-10 0:00,0,0,0,0,0,0,0,0,0,0,0,0,0,0,0,0
2022-10-11 0:00,0,0,0,0,0,0,0,1,8,0,0,0,0,1,0,0
2022-10-12 0:00,0,10,0,0,0,11,12,36,154,0,3,0,0,0,0,0
2022-10-13 0:00,0,0,0,0,0,0,0,0,0,0,0,0,0,0,0,0
2022-10-14 0:00,0,0,0,0,0,0,0,0,2,0,0,0,0,0,0,0
2022-10-15 0:00,0,0,0,0,0,0,0,0,0,0,0,0,0,0,0,0
2022-10-16 0:00,0,0,0,0,0,0,0,0,0,0,0,0,0,0,0,0
2022-10-17 0:00,0,0,0,0,0,0,0,0,3,0,0,0,0,40,0,0
2022-10-18 0:00,0,30,30,0,0,0,0,0,0,0,10,0,0,36,0,0
2022-10-19 0:00,0,0,0,0,0,0,0,0,0,0,0,0,0,0,0,0
2022-10-20 0:00,0,0,10,37,0,10,0,0,0,0,0,0,0,0,0,5
2022-10-21 0:00,0,0,0,0,0,0,0,0,0,0,0,0,0,0,0,0
2022-10-22 0:00,0,0,0,0,0,0,0,0,0,0,0,0,0,0,0,0
2022-10-23 0:00,0,0,0,0,0,0,0,0,0,0,0,0,0,0,0,0
2022-10-24 0:00,0,0,0,0,1,0,0,0,6,0,0,0,0,24,0,0
2022-10-25 0:00,0,0,0,0,0,10,20,36,150,0,11,0,0,0,0,0
2022-10-26 0:00,0,0,0,0,0,0,0,0,2,0,0,0,0,0,0,0
2022-10-27 0:00,0,0,0,0,0,30,0,0,6,0,0,0,0,0,0,0
2022-10-28 0:00,0,40,0,0,0,0,0,0,6,0,0,0,0,0,0,0
2022-10-29 0:00,0,0,0,0,0,0,0,0,0,0,0,0,0,0,0,0
2022-10-30 0:00,0,0,0,0,0,0,0,0,0,0,0,0,0,0,0,0
2022-10-31 0:00,5,0,0,0,0,3,0,0,548,6,7,0,0,53,0,0
2022-11-01 0:00,0,0,0,0,0,0,0,0,0,0,0,0,0,0,0,0
2022-11-02 0:00,0,0,0,0,0,0,0,0,18,0,0,0,0,0,0,0
2022-11-03 0:00,0,0,0,0,0,0,0,0,2,0,0,0,0,0,0,0
2022-11-04 0:00,0,0,20,0,0,15,10,-2,34,0,10,30,0,-5,0,6
2022-11-05 0:00,0,0,0,0,0,0,0,0,0,0,0,0,0,0,0,0
2022-11-06 0:00,0,0,0,0,0,0,0,0,0,0,0,0,0,0,0,0
2022-11-07 0:00,0,0,0,0,0,0,0,0,104,0,0,0,0,0,0,0
2022-11-08 0:00,0,10,10,0,0,0,0,72,0,0,0,0,0,0,0,0
2022-11-09 0:00,0,0,0,0,0,0,0,0,0,0,0,0,0,0,0,0
2022-11-10 0:00,0,30,0,0,0,0,0,0,0,0,0,15,0,0,0,0
2022-11-11 0:00,6,40,40,15,6,15,16,15,8,6,15,30,0,15,0,8
2022-11-12 0:00,0,0,0,0,0,0,0,0,0,0,0,0,0,0,0,0
2022-11-13 0:00,0,0,0,0,0,0,0,0,0,0,0,0,0,0,0,0
2022-11-14 0:00,1,0,0,0,1,0,0,1,206,0,0,0,0,53,0,0
2022-11-15 0:00,0,0,0,0,0,6,10,0,12,0,0,10,0,36,0,0
2022-11-16 0:00,0,0,30,0,0,0,0,0,2,0,0,15,0,10,0,0
2022-11-17 0:00,0,0,20,0,0,0,40,0,11,0,30,-1,0,0,0,0
2022-11-18 0:00,0,0,0,0,0,0,0,0,229,0,0,0,0,0,0,0
2022-11-19 0:00,0,0,0,0,0,0,0,0,0,0,0,0,0,0,0,0
2022-11-20 0:00,0,0,0,0,0,0,0,0,0,0,0,0,0,0,0,0
2022-11-21 0:00,0,0,0,0,0,0,0,0,526,0,0,0,0,0,0,0
2022-11-22 0:00,0,20,0,0,0,0,0,-5,74,0,0,15,0,0,0,0
2022-11-23 0:00,0,100,0,0,0,0,10,0,197,0,0,0,0,0,0,0
2022-11-24 0:00,0,0,0,0,0,0,0,0,186,0,0,0,0,0,0,0
2022-11-25 0:00,0,0,30,0,0,0,0,0,4,0,0,0,0,0,0,0
2022-11-26 0:00,0,0,0,0,0,0,0,0,0,0,0,0,0,0,0,0
2022-11-27 0:00,0,0,0,0,0,0,0,0,0,0,0,0,0,0,0,0
2022-11-28 0:00,0,0,0,0,1,0,0,0,30,0,0,0,0,0,0,0
2022-11-29 0:00,0,0,0,0,0,0,0,0,6,0,0,12,0,0,0,0
2022-11-30 0:00,2,0,0,0,3,6,0,11,296,3,0,0,0,0,0,0
2022-12-01 0:00,0,0,0,0,8,15,15,10,8,0,12,30,0,10,0,5
2022-12-02 0:00,0,10,0,0,0,60,0,0,0,0,70,0,0,0,0,0
2022-12-03 0:00,0,0,0,0,0,0,0,0,0,0,0,0,0,0,0,0
2022-12-04 0:00,0,0,0,0,0,0,0,0,0,0,0,0,0,0,0,0
2022-12-05 0:00,0,0,0,0,0,0,0,0,48,0,0,0,0,72,0,0
2022-12-06 0:00,0,0,0,0,0,0,0,0,3,0,0,0,0,0,0,1
2022-12-07 0:00,0,30,30,0,0,38,40,0,8,0,10,40,0,0,0,10
2022-12-08 0:00,0,0,0,0,0,35,0,0,0,0,21,31,0,0,0,22
2022-12-09 0:00,0,0,0,0,0,0,0,0,0,0,0,0,0,0,0,0
2022-12-10 0:00,0,0,0,0,0,0,0,0,0,0,0,0,0,0,0,0
2022-12-11 0:00,0,0,0,0,0,0,0,0,0,0,0,0,0,0,0,0
2022-12-12 0:00,0,0,0,0,0,0,0,0,55,0,0,0,0,96,0,0
2022-12-13 0:00,0,20,20,25,4,0,0,36,4,4,40,15,0,0,0,0
2022-12-14 0:00,0,0,0,0,0,0,0,0,12,0,0,0,0,0,0,0
2022-12-15 0:00,0,0,10,0,0,0,0,0,0,0,0,10,0,0,0,0
2022-12-16 0:00,0,30,30,0,0,0,40,0,0,0,40,0,0,0,0,0
2022-12-17 0:00,0,0,0,0,0,0,0,0,0,0,0,0,0,0,0,0
2022-12-18 0:00,0,0,0,0,0,0,0,0,0,0,0,0,0,0,0,0
2022-12-19 0:00,0,0,0,0,0,0,0,0,144,0,0,0,0,48,0,0
2022-12-20 0:00,0,0,0,0,0,0,0,0,152,0,0,0,0,0,0,0
2022-12-21 0:00,0,0,0,0,0,0,0,0,0,0,0,0,0,0,0,0
2022-12-22 0:00,0,0,0,0,0,0,0,0,10,0,0,55,0,0,0,0
2022-12-23 0:00,0,30,30,0,0,0,20,0,14,0,0,15,0,0,0,0
2022-12-24 0:00,0,0,0,0,0,0,0,0,0,0,0,0,0,0,0,0
2022-12-25 0:00,0,0,0,0,0,0,0,0,0,0,0,0,0,0,0,0
2022-12-26 0:00,0,0,0,0,0,0,0,0,114,0,0,0,0,0,0,0
2022-12-27 0:00,0,0,10,0,0,0,0,0,0,0,0,0,0,1,0,0
2022-12-28 0:00,0,0,0,0,0,0,0,0,0,0,0,0,0,0,0,0
2022-12-29 0:00,0,0,0,0,0,0,0,0,162,0,0,0,0,0,0,0
2022-12-30 0:00,0,0,0,0,0,0,0,0,6,0,0,0,0,0,0,0
2022-12-31 0:00,2,0,4,0,1,14,0,1,272,9,1,0,0,5,0,0
2023-01-01 0:00,0,0,0,0,0,0,0,0,20,0,0,0,0,0,0,0
2023-01-02 0:00,0,0,0,0,0,0,0,0,39,0,0,0,0,0,0,0
2023-01-03 0:00,1,-7,-10,0,0,6,-2,0,32,0,66,-8,0,0,0,0
2023-01-04 0:00,0,0,0,0,0,0,0,3,15,0,0,0,0,0,0,0
2023-01-05 0:00,0,60,0,0,0,1,0,0,19,0,0,0,0,36,0,0
2023-01-06 0:00,0,0,0,0,1,0,0,0,6,0,0,0,0,0,0,0
2023-01-07 0:00,0,0,0,0,0,0,0,0,4,0,0,0,0,0,0,0
2023-01-08 0:00,0,0,0,0,0,0,0,0,3,1,0,0,0,0,0,0
2023-01-09 0:00,3,0,0,0,0,8,1,1,7,0,4,0,0,49,0,0
2023-01-10 0:00,60,0,0,0,48,0,0,0,0,0,1,0,0,0,0,0
2023-01-11 0:00,0,0,0,0,0,0,0,0,30,0,0,0,0,1,0,0
2023-01-12 0:00,0,5,0,0,0,0,0,0,2,0,0,0,0,0,0,5
2023-01-13 0:00,0,0,0,0,0,0,0,0,24,0,0,30,0,0,0,10
2023-01-14 0:00,2,0,0,0,0,0,0,0,7,0,0,0,0,0,0,0
2023-01-15 0:00,0,0,0,0,0,0,0,0,6,0,0,4,0,0,0,0
2023-01-16 0:00,0,0,0,0,0,0,0,0,164,0,0,0,0,0,0,0
2023-01-17 0:00,0,20,22,0,12,0,0,0,5,0,0,0,0,0,0,0
2023-01-18 0:00,0,0,0,0,0,0,0,0,0,0,0,0,0,0,0,-30
2023-01-19 0:00,0,0,60,0,0,26,0,0,0,0,0,0,0,0,0,0
2023-01-20 0:00,0,0,0,0,0,0,0,0,10,0,0,0,0,0,0,0
2023-01-21 0:00,0,1,0,0,0,0,0,0,0,0,0,0,0,0,0,0
2023-01-22 0:00,0,0,0,0,0,0,0,0,0,0,0,0,0,0,0,0
2023-01-23 0:00,0,0,0,0,0,0,0,0,1,0,0,0,0,0,0,0
2023-01-24 0:00,0,0,0,0,1,0,0,0,12,0,0,0,0,0,0,0
2023-01-25 0:00,0,0,0,0,1,0,0,8,1952,0,1,0,0,0,0,0
2023-01-26 0:00,0,0,0,0,0,0,0,0,22,0,0,0,0,2,0,0
2023-01-27 0:00,0,0,15,0,0,0,0,0,5,0,0,0,0,36,0,0
2023-01-28 0:00,0,0,0,0,0,0,0,1,8,0,0,0,0,1,0,0
2023-01-29 0:00,0,0,0,0,0,1,0,1,11,0,0,0,0,1,0,0
2023-01-30 0:00,1,0,0,0,0,0,0,0,124,0,1,0,0,48,0,0
2023-01-31 0:00,0,0,0,0,0,0,0,0,30,1,0,0,0,1,0,0
2023-02-01 0:00,0,0,0,0,0,0,0,0,16,0,0,0,0,0,0,0
2023-02-02 0:00,0,0,0,0,0,20,0,36,150,0,20,0,0,0,0,0
2023-02-03 0:00,0,0,20,0,0,0,0,0,6,0,15,20,0,0,0,20
2023-02-04 0:00,0,0,0,0,0,0,0,0,5,1,0,0,0,0,0,0
2023-02-05 0:00,0,0,0,0,0,0,0,0,0,0,0,0,0,0,0,0
2023-02-06 0:00,0,0,6,0,0,5,0,0,232,0,0,6,0,24,0,0
2023-02-07 0:00,1,0,10,0,0,-31,0,0,15,3,-20,0,0,0,0,0
2023-02-08 0:00,1,15,12,0,0,9,0,0,4,0,6,0,0,0,0,0
2023-02-09 0:00,2,0,0,0,0,15,0,0,0,1,0,0,0,1,0,0
2023-02-10 0:00,1,0,-10,0,0,0,0,2,10,0,0,0,0,0,0,0
2023-02-11 0:00,1,0,0,0,0,0,0,0,6,1,0,0,0,0,0,0
2023-02-12 0:00,0,0,0,0,0,1,0,1,8,1,0,0,0,0,0,0
2023-02-13 0:00,0,0,40,0,0,0,20,0,25,0,0,0,0,1,0,15
2023-02-14 0:00,1,0,0,0,0,1,0,0,20,0,1,0,0,0,0,0
2023-02-15 0:00,8,0,0,0,1,8,0,0,8,3,13,0,0,0,0,0
2023-02-16 0:00,0,30,10,8,0,0,0,0,4,1,0,20,0,0,0,30
2023-02-17 0:00,0,10,0,74,0,0,0,0,10,0,0,10,0,2,0,0
2023-02-18 0:00,0,0,0,0,0,0,0,0,10,0,0,0,0,0,0,0
2023-02-19 0:00,0,0,0,0,0,0,0,0,7,1,0,0,0,0,0,0
2023-02-20 0:00,0,0,10,0,0,15,0,0,8,0,25,0,0,26,0,0
2023-02-21 0:00,1,20,0,0,0,16,0,0,2,0,12,10,0,0,0,0
2023-02-22 0:00,1,0,0,0,0,0,0,0,14,0,0,0,0,0,0,0
2023-02-23 0:00,2,0,60,60,0,0,0,0,20,0,0,0,0,0,0,0
2023-02-24 0:00,1,0,0,0,0,0,0,0,15,1,0,10,0,0,0,0
2023-02-25 0:00,3,0,0,0,0,0,0,0,0,0,0,0,0,0,0,0
2023-02-26 0:00,1,0,0,0,0,0,0,0,16,1,0,0,0,0,0,0
2023-02-27 0:00,0,0,0,0,0,0,0,0,28,0,0,0,0,72,0,0
2023-02-28 0:00,0,0,0,0,0,0,0,0,176,0,6,0,0,0,0,0
2023-03-01 0:00,0,0,0,0,0,0,0,1,19,0,0,0,0,0,0,0
2023-03-02 0:00,0,0,10,0,0,0,0,1,7,0,0,10,0,2,0,0
2023-03-03 0:00,0,10,10,6,0,0,20,0,8,2,0,0,0,0,0,5
2023-03-04 0:00,0,0,0,0,0,0,0,0,8,0,0,0,0,1,0,0
2023-03-05 0:00,0,0,0,0,0,0,0,0,10,0,0,0,0,0,0,0
2023-03-06 0:00,1,30,0,0,1,0,0,0,118,0,0,30,0,132,0,10
2023-03-07 0:00,0,30,60,0,0,0,0,36,3,5,0,20,0,36,0,2
2023-03-08 0:00,0,0,0,0,0,0,0,0,11,0,1,0,0,0,0,0
2023-03-09 0:00,1,1,0,0,0,20,44,0,25,10,1,40,0,36,0,0
2023-03-10 0:00,0,0,0,0,5,0,0,36,16,0,10,0,0,0,0,0
2023-03-11 0:00,0,0,0,0,0,0,0,0,1,0,0,0,0,0,0,0
2023-03-12 0:00,0,0,0,0,0,0,0,2,12,0,0,0,0,0,0,0
2023-03-13 0:00,0,0,10,0,0,0,0,0,11,0,0,0,0,0,0,0
2023-03-14 0:00,0,0,0,0,0,0,0,6,13,1,0,0,0,0,0,0
2023-03-15 0:00,10,0,0,12,0,0,0,0,14,10,0,0,0,0,0,0
2023-03-16 0:00,0,0,0,0,0,1,0,0,455,0,0,0,0,0,0,0
2023-03-17 0:00,0,0,0,0,0,0,0,0,7,1,0,0,0,0,0,0
2023-03-18 0:00,0,0,0,0,0,0,0,0,6,0,0,0,0,0,0,0
2023-03-19 0:00,3,0,0,0,0,0,0,0,6,0,0,0,0,0,0,0
2023-03-20 0:00,3,20,20,0,0,0,0,0,191,0,0,0,0,0,0,0
2023-03-21 0:00,0,20,0,0,0,0,0,0,40,5,30,0,0,0,0,0
2023-03-22 0:00,0,0,0,0,0,0,0,0,10,0,0,0,0,0,0,0
2023-03-23 0:00,0,10,0,0,0,0,10,0,9,0,0,20,0,0,0,0
2023-03-24 0:00,0,0,0,0,0,0,0,0,5,1,0,0,0,0,0,0
2023-03-25 0:00,0,0,0,0,0,0,0,0,4,0,0,0,0,0,0,0
2023-03-26 0:00,0,0,0,0,0,0,0,0,0,0,0,0,0,2,0,0
2023-03-27 0:00,0,60,0,0,0,0,0,0,13,0,0,0,0,0,0,20
2023-03-28 0:00,0,0,20,0,0,0,20,0,8,0,0,0,0,0,0,0
2023-03-29 0:00,0,0,0,0,0,0,0,0,12,0,0,0,0,0,0,0
2023-03-30 0:00,0,20,0,0,0,0,0,0,18,0,16,20,0,0,0,0
2023-03-31 0:00,0,0,0,0,0,0,0,0,257,0,0,0,0,1,0,0
2023-04-01 0:00,0,0,0,0,0,0,0,1,4,0,0,0,0,0,0,0
2023-04-02 0:00,0,0,0,0,0,0,0,0,0,0,0,0,0,0,0,0
2023-04-03 0:00,0,0,0,0,0,0,0,1,32,0,0,0,0,3,0,0
2023-04-04 0:00,3,0,10,61,0,0,0,8,19,0,0,10,0,0,0,0
2023-04-05 0:00,0,60,60,0,0,10,0,0,0,6,5,30,0,0,0,0
2023-04-06 0:00,0,0,10,5,0,0,10,0,23,1,0,10,0,36,0,10
2023-04-07 0:00,1,40,0,0,0,0,0,2,8,0,0,20,0,0,0,0
2023-04-08 0:00,0,0,0,0,3,0,0,0,0,0,0,0,0,0,0,1
2023-04-09 0:00,0,0,0,0,0,0,0,0,0,0,0,0,0,0,0,0
2023-04-10 0:00,0,0,0,0,0,0,0,0,242,0,10,10,0,100,0,0
2023-04-11 0:00,0,0,0,0,0,0,0,0,0,2,0,0,0,0,0,0
2023-04-12 0:00,0,0,0,0,0,0,0,0,158,0,0,0,0,1,0,0
2023-04-13 0:00,0,30,20,10,0,0,0,0,60,0,0,0,0,0,0,0
2023-04-14 0:00,0,30,0,0,0,0,0,0,0,0,0,0,0,1,0,0
2023-04-15 0:00,0,0,0,0,0,0,3,0,2,1,0,0,0,0,0,0
2023-04-16 0:00,0,0,0,0,0,0,0,0,0,0,0,0,0,0,0,0
2023-04-17 0:00,2,0,0,1,0,0,0,0,24,0,0,0,0,0,0,0
2023-04-18 0:00,0,0,60,0,0,37,0,0,15,0,0,0,0,0,0,0
2023-04-19 0:00,1,0,0,0,0,0,0,0,166,0,0,0,0,0,0,0
2023-04-20 0:00,2,0,0,10,0,0,0,0,4,0,0,0,0,0,0,0
2023-04-21 0:00,0,20,20,0,0,9,0,0,2,0,19,0,0,0,0,0
2023-04-22 0:00,0,0,0,0,0,0,0,0,0,0,0,0,0,0,0,0
2023-04-23 0:00,0,0,0,0,0,0,0,0,0,0,1,0,0,0,0,0
2023-04-24 0:00,1,0,0,0,1,0,0,0,150,1,0,0,0,0,0,0
2023-04-25 0:00,0,0,0,40,4,0,0,0,14,1,30,30,0,0,0,0
2023-04-26 0:00,1,0,0,0,0,1,15,1,2,1,0,20,0,0,0,0
2023-04-27 0:00,0,0,0,0,0,0,0,0,6,0,0,0,0,0,0,0
2023-04-28 0:00,2,0,0,0,0,0,0,0,6,0,0,0,0,4,0,0
2023-04-29 0:00,0,0,0,0,0,0,0,0,1,0,0,0,0,0,0,0
2023-04-30 0:00,0,0,0,0,0,0,0,0,14,0,0,0,0,0,0,0
2023-05-01 0:00,0,0,0,0,0,0,0,0,20,0,0,0,0,0,0,0
2023-05-02 0:00,0,10,10,-1,0,0,0,0,0,0,0,0,0,0,0,0
2023-05-03 0:00,0,0,0,0,0,0,0,0,14,1,0,0,0,0,0,0
2023-05-04 0:00,0,0,0,0,0,0,0,0,0,0,10,12,0,0,0,0
2023-05-05 0:00,1,0,0,0,0,0,0,0,0,0,0,0,0,0,0,0
2023-05-06 0:00,0,0,0,0,0,0,0,0,2,0,0,0,0,0,0,0
2023-05-07 0:00,0,0,0,0,0,0,0,0,0,0,0,0,0,0,0,0
2023-05-08 0:00,1,0,0,0,0,0,0,0,57,0,0,0,0,50,0,0
2023-05-09 0:00,0,60,0,0,0,0,39,36,6,0,0,29,0,0,0,0
2023-05-10 0:00,6,0,0,0,6,10,0,0,7,6,10,0,0,0,0,0
2023-05-11 0:00,0,0,40,0,0,0,0,0,14,1,0,0,0,0,0,0
2023-05-12 0:00,6,0,0,0,9,0,0,0,10,6,0,30,0,0,0,0
2023-05-13 0:00,0,0,0,0,0,0,0,0,4,0,0,0,0,0,0,0
2023-05-14 0:00,0,0,0,0,0,0,0,0,4,0,0,0,0,0,0,0
2023-05-15 0:00,0,0,0,0,0,0,0,0,6,1,0,0,0,48,0,0
2023-05-16 0:00,0,0,0,0,1,20,0,0,10,0,0,0,0,1,0,20
2023-05-17 0:00,0,0,15,0,0,0,0,10,16,0,0,0,0,10,0,0
2023-05-18 0:00,0,0,0,0,0,0,0,0,12,0,0,0,0,0,0,0
2023-05-19 0:00,0,0,0,0,1,0,0,0,2,0,0,0,0,0,0,0
2023-05-20 0:00,0,0,0,0,0,0,0,0,0,0,0,0,0,0,0,0
2023-05-21 0:00,0,0,0,0,0,0,0,0,2,0,0,0,0,0,0,0
2023-05-22 0:00,0,0,60,0,0,0,0,0,36,0,0,10,0,4,0,0
2023-05-23 0:00,13,0,0,0,0,0,0,0,391,0,0,0,0,0,0,0
2023-05-24 0:00,0,0,0,0,0,0,0,2,454,0,0,0,0,0,0,0
2023-05-25 0:00,3,0,0,0,1,0,0,0,32,2,0,0,0,0,0,0
2023-05-26 0:00,0,0,0,0,0,15,0,0,232,0,15,0,0,0,0,0
2023-05-27 0:00,2,0,0,0,0,0,0,0,0,0,0,0,0,0,0,0
2023-05-28 0:00,1,0,0,0,0,0,0,0,6,1,0,0,0,0,0,0
2023-05-29 0:00,0,0,0,0,0,0,0,0,4,0,0,0,0,0,0,0
2023-05-30 0:00,0,0,0,0,0,0,0,0,254,0,0,0,0,0,0,0
2023-05-31 0:00,0,0,0,0,0,0,0,0,173,1,0,0,0,0,0,0
2023-06-01 0:00,0,0,0,0,0,0,0,1,51,0,0,0,0,1,0,0
2023-06-02 0:00,0,12,20,20,0,10,15,0,51,0,0,30,0,0,0,0
2023-06-03 0:00,1,0,0,0,0,0,0,0,24,0,0,0,0,0,0,0
2023-06-04 0:00,0,0,0,0,0,0,0,0,15,0,0,0,0,0,0,0
2023-06-05 0:00,0,0,0,0,0,1,0,0,78,0,0,0,0,72,0,0
2023-06-06 0:00,0,0,0,0,0,0,0,0,8,0,0,0,0,0,0,0
2023-06-07 0:00,0,10,0,12,0,10,15,0,34,0,6,0,0,0,0,0
2023-06-08 0:00,0,0,-5,0,0,0,0,0,12,0,0,45,0,0,0,0
2023-06-09 0:00,0,0,0,0,1,10,0,0,23,60,0,0,0,0,0,0
2023-06-10 0:00,0,0,0,0,0,0,0,0,0,0,0,0,0,0,0,0
2023-06-11 0:00,0,0,0,0,0,0,0,0,8,0,0,0,0,0,0,0
2023-06-12 0:00,1,0,0,0,0,0,0,0,0,0,0,0,0,120,100,0
2023-06-13 0:00,15,20,0,0,15,0,0,0,12,15,0,20,0,0,0,0
2023-06-14 0:00,1,0,0,0,0,0,0,0,4,0,0,0,0,0,0,0
2023-06-15 0:00,0,0,0,-2,0,13,0,0,12,0,5,0,0,8,20,5
2023-06-16 0:00,6,0,0,8,3,10,10,0,0,10,30,0,0,0,0,0
2023-06-17 0:00,0,0,0,0,0,0,0,0,4,0,0,0,0,0,0,0
2023-06-18 0:00,0,0,0,0,0,1,0,0,10,0,0,0,0,4,0,1
2023-06-19 0:00,7,0,0,0,6,0,0,0,1,5,6,0,0,0,0,0
2023-06-20 0:00,6,30,0,0,5,0,0,0,22,4,0,0,0,0,0,0
2023-06-21 0:00,0,0,0,0,0,0,0,0,110,2,0,0,0,3,0,0
2023-06-22 0:00,0,0,0,0,0,0,0,0,10,0,0,0,0,0,0,0
2023-06-23 0:00,0,0,0,0,0,0,0,0,93,0,0,0,0,0,30,0
2023-06-24 0:00,0,0,0,0,1,0,0,0,12,1,0,0,0,0,0,0
2023-06-25 0:00,0,0,0,0,0,0,0,0,0,0,0,0,0,0,0,0
2023-06-26 0:00,3,0,0,0,0,0,0,0,252,0,0,0,0,48,0,0
2023-06-27 0:00,0,-1,0,0,0,2,0,0,169,2,25,0,0,36,0,0
2023-06-28 0:00,0,0,0,0,0,0,0,0,2,0,0,0,0,0,0,6
2023-06-29 0:00,10,25,40,0,10,0,0,0,8,11,0,0,0,0,0,0
2023-06-30 0:00,0,0,0,0,0,0,0,0,24,0,0,0,0,0,0,0
2023-07-01 0:00,0,0,0,0,0,0,0,0,1,1,0,0,0,0,0,2
2023-07-02 0:00,0,0,0,0,0,0,0,0,6,0,0,0,0,0,0,0
2023-07-03 0:00,0,0,0,0,0,0,0,0,204,0,0,0,0,48,0,0
2023-07-04 0:00,0,0,0,0,1,0,0,0,7,0,0,0,0,0,0,0
2023-07-05 0:00,0,0,3,0,0,0,0,0,15,1,0,0,0,0,0,0
2023-07-06 0:00,0,0,10,0,0,0,0,12,1,0,0,0,0,0,0,0
2023-07-07 0:00,0,0,0,0,-8,-7,-11,1,14,-3,0,0,0,0,0,-13
2023-07-08 0:00,0,0,0,0,0,0,0,0,0,0,0,0,0,0,0,0
2023-07-09 0:00,0,0,0,0,0,0,0,0,0,0,0,0,0,0,0,0
2023-07-10 0:00,3,0,0,0,3,0,0,0,5,4,0,0,0,48,0,0
2023-07-11 0:00,2,0,0,0,0,0,0,0,24,0,0,0,0,0,0,0
2023-07-12 0:00,6,30,30,0,10,5,11,0,4,15,11,0,0,0,0,2
2023-07-13 0:00,4,0,0,0,1,0,0,0,5,1,0,0,0,0,0,0
2023-07-14 0:00,2,20,0,0,11,0,20,36,13,5,0,20,0,0,0,0
2023-07-15 0:00,0,0,0,0,0,0,0,0,0,0,0,0,0,0,0,0
2023-07-16 0:00,0,0,0,0,0,0,0,0,8,0,0,0,0,0,0,0
2023-07-17 0:00,0,0,0,0,0,0,0,0,2,0,0,0,0,48,2,0
2023-07-18 0:00,2,30,0,60,0,25,0,36,5,0,0,20,0,0,0,0
2023-07-19 0:00,0,0,40,0,0,0,0,0,4,0,0,0,0,0,0,0
2023-07-20 0:00,0,0,0,0,6,0,0,0,0,3,0,0,0,0,0,0
2023-07-21 0:00,0,0,0,0,0,0,0,0,0,1,0,0,0,0,0,0
2023-07-22 0:00,0,0,0,0,1,0,0,0,3,1,0,0,0,0,0,0
2023-07-23 0:00,0,0,0,0,0,0,0,0,6,0,0,0,0,0,0,0
2023-07-24 0:00,1,0,0,0,0,0,0,0,10,2,0,0,0,0,0,1
2023-07-25 0:00,0,10,10,0,0,0,0,0,6,8,0,25,100,0,0,0
2023-07-26 0:00,0,0,0,0,0,0,0,0,6,0,2,0,0,4,0,0
2023-07-27 0:00,0,0,0,0,0,0,0,0,3,1,1,0,0,1,0,0
2023-07-28 0:00,1,10,30,0,15,0,0,36,20,16,0,10,70,36,0,11
2023-07-29 0:00,0,0,0,0,0,0,0,0,0,0,0,0,0,0,0,0
2023-07-30 0:00,0,0,0,0,0,0,0,0,0,0,0,0,0,0,0,0
2023-07-31 0:00,2,1,0,0,0,0,0,0,22,0,0,0,0,0,0,0
2023-08-01 0:00,1,0,0,0,0,0,0,0,0,0,0,0,0,0,0,0
2023-08-02 0:00,0,0,0,0,0,0,0,0,0,0,21,0,0,0,0,0
2023-08-03 0:00,1,30,30,0,0,0,40,0,14,0,0,0,0,36,0,0
2023-08-04 0:00,0,0,0,0,0,0,0,0,0,0,0,0,0,0,0,0
2023-08-05 0:00,1,0,0,0,0,0,0,0,0,1,0,0,0,0,0,0
2023-08-06 0:00,0,0,1,0,0,0,0,0,0,0,0,0,0,0,0,0
2023-08-07 0:00,1,0,0,0,0,20,0,0,99,0,20,0,0,180,0,0
2023-08-08 0:00,0,0,0,0,0,30,0,0,203,0,0,0,0,0,0,0
2023-08-09 0:00,0,0,0,0,0,0,0,0,7,2,0,0,0,0,0,0
2023-08-10 0:00,0,0,0,0,0,0,0,0,21,2,8,0,0,0,0,0
2023-08-11 0:00,2,0,0,0,0,11,0,0,4,0,6,0,15,36,0,0
2023-08-12 0:00,0,0,0,0,0,0,0,0,0,0,0,0,0,0,0,0
2023-08-13 0:00,0,0,0,0,0,0,0,0,4,1,0,0,0,0,0,0
2023-08-14 0:00,0,0,0,0,1,0,0,0,26,0,0,0,0,0,0,0
2023-08-15 0:00,0,0,0,0,0,0,0,0,0,1,0,0,0,0,0,0
2023-08-16 0:00,1,0,0,0,0,0,0,0,4,0,1,0,0,2,0,0
2023-08-17 0:00,0,10,0,0,0,17,10,0,4,1,8,10,10,0,0,0
2023-08-18 0:00,0,20,40,10,0,0,10,0,8,0,6,0,0,0,0,0
2023-08-19 0:00,0,0,0,0,0,0,0,0,0,0,0,0,0,0,0,0
2023-08-20 0:00,0,0,0,0,0,0,0,0,0,0,0,0,0,0,0,0
2023-08-21 0:00,1,0,0,0,0,15,0,0,40,3,2,0,0,0,0,0
2023-08-22 0:00,0,0,0,0,0,0,0,0,0,0,25,0,0,0,0,30
2023-08-23 0:00,0,0,0,0,0,0,0,0,220,0,0,0,0,0,0,0
2023-08-24 0:00,2,0,0,0,1,0,0,0,152,6,0,25,0,2,0,0
2023-08-25 0:00,0,40,20,0,0,0,0,24,3,0,0,30,0,24,0,0
2023-08-26 0:00,0,0,0,0,1,0,0,0,6,0,0,0,0,0,0,0
2023-08-27 0:00,0,0,0,0,0,0,0,0,0,0,0,0,0,1,0,0
2023-08-28 0:00,2,0,0,0,0,0,0,0,152,0,0,0,0,96,0,0
2023-08-29 0:00,0,0,0,0,0,1,0,2,208,1,0,0,0,1,0,0
2023-08-30 0:00,0,0,0,3,0,0,0,0,13,1,0,0,0,0,0,0
2023-08-31 0:00,1,0,0,0,0,6,31,0,24,0,0,0,30,1,0,0
2023-09-01 0:00,7,20,15,2,10,1,0,0,37,8,6,0,0,0,0,0
2023-09-02 0:00,2,0,0,0,0,0,0,0,12,1,0,0,0,0,0,0
2023-09-03 0:00,0,0,0,0,1,0,0,0,15,3,0,0,0,0,0,0
2023-09-04 0:00,0,3,0,0,0,0,0,2,16,0,0,0,0,3,0,0
2023-09-05 0:00,0,0,0,49,2,2,0,60,35,0,0,0,0,24,40,0
2023-09-06 0:00,1,15,10,0,1,0,0,0,10,0,15,0,0,0,0,0
2023-09-07 0:00,0,0,0,0,0,0,0,0,12,0,7,10,0,0,0,0
2023-09-08 0:00,1,20,20,0,0,10,0,0,13,1,0,20,0,0,0,0
2023-09-09 0:00,0,0,0,0,0,0,0,0,2,0,0,0,0,0,0,0
2023-09-10 0:00,4,0,0,0,0,1,0,0,10,0,1,0,0,2,0,0
2023-09-11 0:00,0,0,0,56,0,1,0,0,6,1,0,0,0,144,0,0
2023-09-12 0:00,0,0,0,0,0,1,0,0,5,0,0,0,0,0,0,0
2023-09-13 0:00,0,0,0,0,0,0,0,0,6,1,0,30,0,0,0,0
2023-09-14 0:00,0,0,0,0,0,0,0,5,38,1,0,0,0,0,0,0
2023-09-15 0:00,0,0,0,0,1,0,0,0,6,0,0,0,0,0,0,0
2023-09-16 0:00,0,0,0,6,0,0,0,0,0,0,0,0,0,0,0,1
2023-09-17 0:00,0,0,0,0,1,1,0,0,5,1,1,0,0,0,0,0
2023-09-18 0:00,1,0,0,0,1,0,0,0,0,0,1,0,0,1,0,0
2023-09-19 0:00,0,0,0,0,0,25,0,0,5,1,0,0,0,36,0,0
2023-09-20 0:00,0,0,0,0,0,0,1000,1,1,1,0,0,0,0,0,0
2023-09-21 0:00,0,0,0,0,0,0,0,0,13,0,0,0,0,0,0,0
2023-09-22 0:00,0,0,0,-1,0,0,0,0,5,0,0,0,0,0,0,0
2023-09-23 0:00,0,0,0,0,0,0,0,0,2,0,0,0,0,0,0,0
2023-09-24 0:00,0,1,0,0,0,0,0,2,0,1,1,0,0,0,0,0
2023-09-25 0:00,0,30,30,0,0,0,0,0,30,1,20,20,0,0,0,0
2023-09-26 0:00,10,0,20,0,0,0,0,0,6,1,0,0,0,0,0,0
2023-09-27 0:00,0,0,0,0,0,0,0,0,0,0,0,0,0,0,0,0
2023-09-28 0:00,2,0,0,0,0,0,0,0,0,0,0,0,0,0,0,0
2023-09-29 0:00,0,0,0,0,0,1,0,0,6,0,0,0,0,0,0,0
2023-09-30 0:00,0,0,0,0,0,0,0,0,0,2,0,0,0,0,0,0
2023-10-01 0:00,0,0,0,0,0,1,0,0,8,0,0,0,0,0,0,0
2023-10-02 0:00,0,0,0,0,0,1,0,0,3,1,1,0,0,0,0,0
2023-10-03 0:00,0,0,0,0,0,0,0,0,4,1,0,0,0,0,0,0
2023-10-04 0:00,0,0,0,0,0,2,0,0,72,1,0,0,0,0,0,0
2023-10-05 0:00,0,0,0,0,0,0,0,0,8,0,0,0,0,0,0,0
2023-10-06 0:00,0,0,30,0,0,6,26,0,34,0,5,32,0,0,0,0
2023-10-07 0:00,0,0,0,0,0,0,0,0,0,1,0,0,0,0,0,0
2023-10-08 0:00,0,0,0,0,0,0,0,0,4,0,0,0,0,0,0,0
2023-10-09 0:00,0,0,0,0,0,0,0,0,4,0,0,0,0,0,0,0
2023-10-10 0:00,0,0,0,0,0,5,0,0,8,1,0,12,0,1,0,5
2023-10-11 0:00,0,0,0,0,0,0,0,2,11,2,0,0,0,0,0,0
2023-10-12 0:00,0,0,0,0,7,0,0,0,3,0,0,0,0,0,0,0
2023-10-13 0:00,0,0,0,0,1,0,0,0,8,0,0,0,0,0,0,0
2023-10-14 0:00,0,0,0,0,0,0,0,0,2,0,0,0,0,0,0,0
2023-10-15 0:00,0,0,0,0,0,1,0,0,4,0,0,0,0,0,0,0
2023-10-16 0:00,0,0,0,10,0,0,12,0,27,0,2,0,0,96,0,7
2023-10-17 0:00,0,0,0,0,0,0,0,0,177,0,0,0,0,0,0,23
2023-10-18 0:00,2,0,0,0,1,0,0,3,18,2,0,0,0,1,0,0
2023-10-19 0:00,0,8,0,0,0,0,0,12,9,1,0,0,0,0,0,0
2023-10-20 0:00,0,0,33,0,0,6,10,0,0,0,6,0,0,0,0,0
2023-10-21 0:00,0,0,0,0,0,0,0,0,2,0,0,0,0,0,0,0
2023-10-22 0:00,1,0,0,0,1,0,0,0,8,0,0,0,0,0,0,0
2023-10-23 0:00,0,0,1,0,0,0,0,0,52,0,0,0,0,52,0,0
2023-10-24 0:00,15,30,0,0,0,21,0,1,26,0,0,30,0,1,0,0
2023-10-25 0:00,0,0,0,0,0,0,0,0,9,2,0,0,0,0,0,0
2023-10-26 0:00,0,0,0,0,0,0,0,0,4,0,0,0,0,0,0,0
2023-10-27 0:00,0,0,0,0,0,0,0,0,7,0,0,0,0,0,0,0
2023-10-28 0:00,0,0,0,0,0,0,0,0,2,1,0,0,0,0,0,0
2023-10-29 0:00,0,0,0,0,0,1,0,0,2,1,0,0,0,0,0,0
2023-10-30 0:00,0,0,0,0,0,2,0,0,186,2,0,0,0,0,0,0
2023-10-31 0:00,0,0,0,0,0,0,0,0,0,2,0,0,0,0,0,0
2023-11-01 0:00,0,0,0,0,0,2,0,0,123,1,0,0,0,0,0,0
2023-11-02 0:00,0,0,0,0,0,0,0,0,1,2,0,0,15,0,0,0
2023-11-03 0:00,0,0,0,0,0,0,0,0,85,1,0,0,0,0,0,0
2023-11-04 0:00,0,0,0,0,0,0,0,3,0,0,0,0,0,1,0,0
2023-11-05 0:00,0,0,0,0,0,0,0,0,0,0,0,0,0,0,0,0
2023-11-06 0:00,0,30,0,0,0,0,20,36,145,1,0,0,50,-40,-25,-17
2023-11-07 0:00,1,0,0,80,1,6,0,0,67,1,43,40,0,0,1,0
2023-11-08 0:00,0,0,0,0,0,10,0,1,30,2,20,0,10,40,3,9
2023-11-09 0:00,0,0,0,0,0,0,0,0,7,0,0,0,0,0,0,0
2023-11-10 0:00,1,20,20,0,5,0,0,0,10,6,0,10,0,0,0,0
2023-11-11 0:00,1,0,0,0,0,0,0,0,4,1,0,0,0,0,0,0
2023-11-12 0:00,1,0,0,1,0,0,0,0,14,1,0,0,0,0,0,0
2023-11-13 0:00,0,0,0,0,1,1,0,1,30,3,0,0,0,97,0,0
2023-11-14 0:00,1,0,0,0,1,5,0,0,23,1,0,0,0,0,0,0
2023-11-15 0:00,0,0,0,0,1,0,0,0,17,1,0,0,0,0,0,0
2023-11-16 0:00,0,0,0,0,0,3,0,0,16,0,0,0,0,0,0,0
2023-11-17 0:00,0,18,10,9,0,8,0,0,8,1,0,0,0,0,0,0
2023-11-18 0:00,0,0,0,0,0,0,1,0,0,0,0,0,0,0,0,0
2023-11-19 0:00,0,0,0,0,0,1,0,0,4,1,0,0,0,0,0,0
2023-11-20 0:00,0,0,0,0,0,0,0,0,78,1,0,0,0,0,0,0
2023-11-21 0:00,0,0,0,60,0,0,0,5,18,1,1,0,0,5,0,0
2023-11-22 0:00,0,0,0,0,2,2,0,0,0,0,0,0,0,0,50,0
2023-11-23 0:00,0,0,20,0,0,0,20,0,1,1,0,20,0,0,140,0
2023-11-24 0:00,0,0,0,10,0,0,0,0,170,0,0,0,0,0,0,0
2023-11-25 0:00,0,0,0,0,0,0,0,0,0,0,0,0,0,0,10,0
2023-11-26 0:00,0,0,0,0,1,0,0,0,16,2,0,0,0,0,0,0
2023-11-27 0:00,2,0,0,0,6,0,0,1,62,8,0,0,0,48,60,1
2023-11-28 0:00,0,0,0,0,0,0,0,2,3,0,0,0,0,0,0,0
2023-11-29 0:00,0,0,0,0,0,0,0,0,13,0,0,0,0,0,0,0
2023-11-30 0:00,1,0,0,0,0,0,0,0,16,3,0,10,0,0,0,0
2023-12-01 0:00,0,10,15,0,4,6,0,0,4,0,6,15,8,0,0,0
2023-12-02 0:00,1,0,0,0,0,1,0,0,0,0,3,0,0,0,0,0
2023-12-03 0:00,0,0,0,0,0,0,0,0,6,0,0,0,0,0,0,0
2023-12-04 0:00,0,0,0,4,0,0,0,36,33,0,0,0,0,0,0,0
2023-12-05 0:00,0,0,0,0,0,0,0,0,14,0,0,0,0,0,0,0
2023-12-06 0:00,1,0,0,0,5,0,0,0,1,0,0,0,0,0,0,0
2023-12-07 0:00,0,0,0,0,0,0,30,36,26,2,30,30,0,0,0,0
2023-12-08 0:00,0,0,0,0,0,0,0,0,178,0,0,0,0,0,0,0
2023-12-09 0:00,0,0,0,0,0,0,0,0,2,0,0,0,0,0,0,0
2023-12-10 0:00,0,0,0,0,0,1,0,0,12,1,0,0,0,0,0,0
2023-12-11 0:00,1,0,0,0,1,1,0,0,165,0,0,0,0,154,0,0
2023-12-12 0:00,0,0,0,0,0,1,0,0,38,0,0,0,0,0,0,0
2023-12-13 0:00,0,0,0,0,0,0,0,0,130,101,0,0,-10,0,-18,0
2023-12-14 0:00,0,0,0,0,0,0,0,0,8,0,0,0,0,0,0,0
2023-12-15 0:00,0,0,0,0,0,0,0,0,66,0,0,0,0,0,0,0
2023-12-16 0:00,0,0,0,0,0,0,0,0,0,0,0,0,0,0,0,0
2023-12-17 0:00,0,0,0,0,0,0,0,0,12,2,0,0,0,0,0,0
2023-12-18 0:00,0,0,0,0,0,0,0,0,263,0,0,0,0,96,0,0
2023-12-19 0:00,0,30,0,0,0,0,20,0,29,2,0,0,30,0,100,0
2023-12-20 0:00,0,0,0,0,0,0,0,0,124,1,0,0,0,0,0,0
2023-12-21 0:00,0,30,42,0,0,20,0,0,30,1,0,30,0,0,0,26
2023-12-22 0:00,0,0,0,0,0,0,0,0,8,0,0,0,0,0,0,1
2023-12-23 0:00,0,0,0,0,0,2,0,1,18,0,0,0,0,0,0,0
2023-12-24 0:00,0,0,0,0,0,0,0,0,0,0,0,0,0,0,0,0
2023-12-25 0:00,0,0,0,0,0,0,0,0,0,0,0,0,0,0,0,0
2023-12-26 0:00,0,0,0,0,0,2,0,0,4,0,0,0,0,0,0,0
2023-12-27 0:00,0,0,0,0,0,1,10,0,34,0,0,0,0,0,10,0
2023-12-28 0:00,1,0,0,0,0,6,0,1,7,1,0,0,0,0,0,0
2023-12-29 0:00,7,30,40,0,5,15,0,0,4,0,29,30,0,0,15,0
2023-12-30 0:00,0,0,0,0,0,0,0,0,0,1,0,0,10,0,0,0
2023-12-31 0:00,0,0,0,0,0,0,0,0,6,0,0,0,0,0,1,0
2024-01-01 0:00,2,0,0,0,0,0,0,0,0,0,0,0,0,0,0,0
2024-01-02 0:00,0,0,0,0,0,0,0,0,64,1,0,0,0,192,0,0
2024-01-03 0:00,0,0,0,0,0,1,10,0,19,1,0,0,0,0,0,5
2024-01-04 0:00,0,0,0,0,0,0,0,0,21,0,0,0,10,0,0,0
2024-01-05 0:00,0,12,0,10,0,0,20,0,0,0,0,0,0,2,0,0
2024-01-06 0:00,0,0,0,0,0,0,0,0,0,1,0,0,0,0,0,0
2024-01-07 0:00,0,0,0,0,0,0,0,0,2,0,0,0,0,0,0,0
2024-01-08 0:00,0,0,0,0,0,0,22,0,8,0,16,0,0,0,40,0
2024-01-09 0:00,1,30,0,0,0,2,0,0,1,0,0,0,40,0,0,0
2024-01-10 0:00,1,0,10,0,0,0,0,0,26,1,0,15,0,0,0,0
2024-01-11 0:00,0,0,0,0,2,0,12,0,16,0,8,0,0,0,0,0
2024-01-12 0:00,8,15,0,0,0,0,0,0,6,13,0,15,0,0,0,0
2024-01-13 0:00,0,0,0,0,0,0,0,0,10,0,0,0,0,0,0,0
2024-01-14 0:00,0,0,0,0,0,0,0,0,6,0,0,0,0,0,0,0
2024-01-15 0:00,0,0,0,0,0,1,0,0,40,0,0,0,0,0,0,0
2024-01-16 0:00,0,0,0,0,0,0,0,0,6,0,0,0,0,0,0,0
2024-01-17 0:00,0,0,0,0,0,0,6,1,13,0,0,0,0,0,0,0
2024-01-18 0:00,0,0,0,0,0,6,0,0,-7,3,6,0,0,0,0,0
2024-01-19 0:00,0,90,30,0,0,1,0,0,5,3,0,30,0,0,0,0
2024-01-20 0:00,0,0,0,0,0,0,0,0,6,1,0,0,0,0,0,0
2024-01-21 0:00,0,0,0,0,0,3,0,0,15,0,0,0,0,0,0,0
2024-01-22 0:00,0,0,80,8,0,1,8,0,84,0,6,10,0,0,0,0
2024-01-23 0:00,0,0,0,50,0,28,20,1,0,1,20,40,0,0,0,29
2024-01-24 0:00,1,0,0,0,0,1,0,0,8,0,0,0,0,0,0,0
2024-01-25 0:00,0,0,0,0,0,1,0,0,6,1,0,0,0,0,0,0
2024-01-26 0:00,0,0,0,0,0,0,0,0,48,1,0,0,0,0,0,0
2024-01-27 0:00,0,0,0,0,0,0,0,0,13,0,0,0,0,0,0,0
2024-01-28 0:00,0,0,0,0,0,3,0,0,17,2,0,0,0,0,0,0
2024-01-29 0:00,0,0,0,0,0,0,0,1,303,0,0,0,0,0,0,0
2024-01-30 0:00,0,0,0,0,0,2,0,0,36,0,0,12,0,0,0,0
2024-01-31 0:00,0,0,0,0,0,1,0,0,17,0,0,0,0,0,0,0
2024-02-01 0:00,0,0,0,0,0,0,0,0,19,1,0,0,40,0,0,0
2024-02-02 0:00,0,0,5,0,0,1,0,0,4,0,0,10,10,0,0,0
2024-02-03 0:00,0,0,0,0,0,2,0,0,8,0,0,0,0,0,0,0
2024-02-04 0:00,0,0,0,0,0,0,0,0,6,1,0,0,0,0,2,0
2024-02-05 0:00,1,0,0,0,0,1,0,0,16,0,0,0,0,0,1,0
2024-02-06 0:00,0,0,0,0,0,0,0,0,4,0,0,0,0,0,0,0
2024-02-07 0:00,0,14,13,0,0,-1,0,0,2,0,0,5,0,0,0,0
2024-02-08 0:00,0,0,0,0,0,0,0,0,9,0,0,0,0,0,0,0
2024-02-09 0:00,0,0,0,0,0,0,0,0,0,1,0,0,0,0,0,0
2024-02-10 0:00,0,0,0,0,0,0,0,0,0,0,0,0,0,0,0,0
2024-02-11 0:00,0,0,0,0,0,0,0,0,1,0,0,0,0,0,2,0
2024-02-12 0:00,1,0,0,0,0,0,0,0,4,0,0,0,0,0,0,0
2024-02-13 0:00,0,0,0,0,0,0,0,1,10,0,0,0,0,0,0,0
2024-02-14 0:00,0,5,0,0,0,0,0,0,28,0,1,0,0,0,0,1
2024-02-15 0:00,0,0,0,0,0,0,0,0,15,2,0,0,0,1,0,0
2024-02-16 0:00,0,30,0,0,10,0,0,36,25,7,0,18,40,0,0,0
2024-02-17 0:00,0,0,0,0,0,0,0,0,2,1,0,0,0,0,0,0
2024-02-18 0:00,0,0,0,0,0,0,0,0,12,0,0,0,0,0,0,0
2024-02-19 0:00,0,30,30,-1,0,3,20,36,211,9,10,0,0,0,0,0
2024-02-20 0:00,0,0,0,0,0,0,0,0,24,4,0,0,0,0,0,0
2024-02-21 0:00,0,0,0,0,0,0,0,0,53,0,0,0,0,0,0,0
2024-02-22 0:00,0,10,10,0,0,0,0,0,11,1,0,5,10,0,0,0
2024-02-23 0:00,10,30,30,20,10,1,20,12,67,11,0,45,20,12,0,0
2024-02-24 0:00,0,0,0,0,0,0,0,0,1,1,0,0,0,0,0,0
2024-02-25 0:00,0,0,0,0,0,0,0,0,6,0,0,0,0,0,0,0
2024-02-26 0:00,0,10,0,8,0,0,10,0,100,0,0,0,0,0,0,-2
2024-02-27 0:00,10,31,0,0,5,2,0,1,15,10,0,1,30,0,0,0
2024-02-28 0:00,2,0,0,0,0,0,0,0,1,0,0,0,0,0,3,0
2024-02-29 0:00,0,0,0,0,0,6,0,0,13,0,6,0,0,0,0,0
2024-03-01 0:00,0,0,0,0,0,0,0,0,0,0,0,0,0,0,0,0
2024-03-02 0:00,0,0,0,0,0,0,0,0,2,1,0,0,0,0,0,0
2024-03-03 0:00,0,0,0,0,0,0,0,0,22,0,0,0,0,0,0,0
2024-03-04 0:00,0,0,0,0,0,5,0,0,38,0,0,0,0,0,0,0
2024-03-05 0:00,0,0,0,0,0,0,0,0,235,0,0,0,0,12,2,1
2024-03-06 0:00,0,0,0,0,0,0,0,0,14,10,0,0,0,0,0,0
2024-03-07 0:00,0,0,0,0,0,0,0,0,26,0,0,0,0,0,0,0
2024-03-08 0:00,0,0,0,0,0,1,0,0,6,0,1,0,0,0,0,0
2024-03-09 0:00,0,0,0,0,0,0,0,0,4,0,0,0,0,0,0,0
2024-03-10 0:00,0,0,0,0,0,0,0,0,11,0,0,0,0,0,0,0
2024-03-11 0:00,0,0,0,0,5,10,0,1,156,0,0,0,0,0,0,20
2024-03-12 0:00,0,10,0,0,2,20,0,-1,24,0,20,0,0,0,0,0
2024-03-13 0:00,1,0,0,0,0,1,0,0,10,0,0,0,0,0,0,0
2024-03-14 0:00,0,0,0,0,0,0,0,1,10,0,0,0,0,48,0,0
2024-03-15 0:00,10,0,0,0,10,8,0,1,20,9,10,0,0,0,0,0
2024-03-16 0:00,0,0,0,0,0,0,0,0,5,0,0,0,0,0,0,0
2024-03-17 0:00,0,0,0,0,0,0,0,0,20,0,0,0,0,0,0,0
2024-03-18 0:00,0,0,0,0,0,0,0,0,100,0,0,0,0,144,0,0
2024-03-19 0:00,0,0,0,0,0,0,0,0,7,0,0,0,0,0,0,0
2024-03-20 0:00,0,0,0,0,0,0,0,0,5,1,0,0,0,0,0,0
2024-03-21 0:00,6,0,60,20,0,0,20,0,46,4,0,30,30,0,0,2
2024-03-22 0:00,0,0,0,0,0,0,0,5,2,0,0,0,0,0,0,0
2024-03-23 0:00,0,0,0,0,0,0,0,0,1,0,0,0,0,0,0,0
2024-03-24 0:00,0,0,1,0,0,0,0,0,1,1,0,1,0,0,0,0
2024-03-25 0:00,0,0,0,0,0,0,0,0,50,0,0,0,0,0,0,0
2024-03-26 0:00,0,30,30,0,0,0,27,36,6,0,0,40,0,10,0,0
2024-03-27 0:00,0,0,0,0,-1,0,0,0,15,0,0,0,0,0,0,0
2024-03-28 0:00,0,0,0,0,0,1,0,0,6,0,0,0,0,0,0,0
2024-03-29 0:00,0,0,0,0,0,0,0,0,4,0,0,0,0,0,0,0
2024-03-30 0:00,0,0,0,0,0,0,0,0,2,0,0,0,0,0,0,0
2024-03-31 0:00,0,0,0,0,0,0,0,0,6,0,0,0,0,0,0,0
2024-04-01 0:00,0,0,0,6,1,6,0,3,17,0,0,15,0,96,0,0
2024-04-02 0:00,0,0,0,0,0,0,0,1,9,1,0,0,0,0,0,0
2024-04-03 0:00,0,0,0,0,0,0,0,10,59,0,0,0,0,11,0,0
2024-04-04 0:00,0,0,0,0,0,0,0,0,39,0,0,0,0,1,0,0
2024-04-05 0:00,0,50,0,0,0,20,0,0,5,0,0,20,0,48,0,0
2024-04-06 0:00,0,0,0,0,0,0,0,0,8,0,0,0,0,0,0,0
2024-04-07 0:00,0,0,0,0,0,0,0,0,3,0,0,0,0,0,0,0
2024-04-08 0:00,0,10,20,0,0,16,8,0,96,0,15,20,0,0,0,0
2024-04-09 0:00,0,0,10,0,1,20,0,0,138,0,0,10,0,48,0,0
2024-04-10 0:00,0,0,0,1,0,0,0,0,6,0,0,0,0,0,0,0
2024-04-11 0:00,0,0,10,0,0,0,0,2,68,0,0,10,0,0,0,0
2024-04-12 0:00,0,10,0,0,0,0,0,0,42,0,7,0,0,10,0,0
2024-04-13 0:00,0,0,0,0,0,0,0,0,2,0,0,0,0,0,0,0
2024-04-14 0:00,0,0,0,0,0,1,0,0,12,0,0,0,0,0,0,0
2024-04-15 0:00,0,0,0,0,0,0,0,0,106,0,2,1,0,0,0,0
2024-04-16 0:00,0,0,0,0,0,0,0,3,21,4,0,0,0,1,0,0
2024-04-17 0:00,0,0,0,0,0,0,0,0,10,0,0,0,0,0,0,0
2024-04-18 0:00,3,0,0,0,0,5,0,0,4,0,6,0,0,0,0,0
2024-04-19 0:00,0,0,40,0,0,10,0,10,2,1,21,40,0,-10,0,0
2024-04-20 0:00,0,0,0,0,0,0,0,0,7,1,0,0,0,0,0,0
2024-04-21 0:00,0,0,0,0,1,0,0,0,1,0,0,0,0,0,0,0
2024-04-22 0:00,0,0,0,0,0,0,0,0,20,0,0,0,0,48,0,0
2024-04-23 0:00,0,40,40,34,0,0,0,0,8,0,0,29,-40,0,0,0
2024-04-24 0:00,1,0,0,0,0,0,0,0,1,0,0,0,0,1,0,0
2024-04-25 0:00,0,7,0,0,0,0,0,0,5,0,0,0,40,0,0,0
2024-04-26 0:00,0,10,12,20,0,0,10,0,3,0,7,0,0,0,0,0
2024-04-27 0:00,0,0,0,0,0,0,0,0,0,0,0,0,0,0,0,0
2024-04-28 0:00,0,0,0,0,0,0,0,0,4,0,0,0,0,0,0,0
2024-04-29 0:00,0,0,0,0,0,0,0,0,12,0,0,0,0,96,0,0
2024-04-30 0:00,0,0,0,0,0,1,0,0,153,0,0,0,0,0,0,0
2024-05-01 0:00,8,0,0,0,6,0,0,0,0,11,0,0,15,0,0,0
2024-05-02 0:00,0,0,10,0,0,20,10,0,1,0,0,0,0,0,0,0
2024-05-03 0:00,0,0,0,0,0,0,0,0,2,0,0,0,0,0,0,0
2024-05-04 0:00,0,0,0,0,0,0,0,0,5,1,0,0,0,0,0,0
2024-05-05 0:00,0,0,0,0,0,0,0,0,0,0,0,0,0,0,0,0
2024-05-06 0:00,0,0,0,0,0,0,0,0,8,0,0,0,0,0,0,0
2024-05-07 0:00,0,40,0,0,0,0,0,0,96,0,0,0,0,48,0,10
2024-05-08 0:00,0,0,0,0,0,0,0,0,6,1,0,0,0,0,0,0
2024-05-09 0:00,0,40,0,0,0,10,0,0,14,1,15,0,0,0,0,0
2024-05-10 0:00,0,10,5,0,0,0,0,0,12,0,0,10,20,0,0,0
2024-05-11 0:00,0,0,0,0,0,0,0,0,0,0,0,0,0,0,0,0
2024-05-12 0:00,0,0,0,0,0,1,0,0,16,0,1,0,0,0,0,0
2024-05-13 0:00,1,0,0,0,1,0,0,0,6,2,0,15,0,0,0,0
2024-05-14 0:00,0,0,0,0,3,0,0,0,8,0,0,0,0,0,0,0
2024-05-15 0:00,0,0,0,0,0,0,0,0,4,0,0,0,0,0,0,0
2024-05-16 0:00,0,0,0,0,0,0,0,0,4,1,0,0,0,0,0,0
2024-05-17 0:00,0,0,0,5,0,0,0,0,0,0,0,0,0,0,0,0
2024-05-18 0:00,0,0,0,0,0,0,0,0,12,0,0,0,0,0,0,0
2024-05-19 0:00,0,0,0,0,0,0,0,0,9,0,0,0,0,0,0,0
2024-05-20 0:00,0,0,0,0,6,0,0,0,12,0,0,0,0,0,0,0
2024-05-21 0:00,0,0,0,0,5,0,0,1,10,1,0,0,0,0,0,0
2024-05-22 0:00,6,40,20,10,0,0,20,0,12,5,0,20,0,0,1,0
2024-05-23 0:00,0,0,0,10,3,0,20,0,9,0,0,0,0,0,0,0
2024-05-24 0:00,3,0,0,0,0,0,0,0,6,1,0,0,0,0,0,0
2024-05-25 0:00,0,0,0,0,0,0,0,0,4,0,0,0,0,0,0,0
2024-05-26 0:00,0,0,0,0,0,0,0,0,4,0,0,0,0,0,0,0
2024-05-27 0:00,0,15,0,0,9,5,0,0,54,0,0,12,0,0,0,10
2024-05-28 0:00,0,0,0,0,0,1,0,0,0,0,0,0,10,0,0,0
2024-05-29 0:00,0,0,0,0,0,0,0,0,8,0,0,0,0,0,0,0
2024-05-30 0:00,0,10,0,10,0,0,-10,0,0,2,0,10,0,0,0,0
2024-05-31 0:00,0,0,5,0,0,0,0,0,10,0,0,5,0,48,0,0
2024-06-01 0:00,0,0,0,0,0,0,0,0,3,0,0,0,0,0,0,0
2024-06-02 0:00,0,0,0,0,0,0,0,0,0,0,0,0,0,0,0,0
2024-06-03 0:00,0,30,30,0,0,0,0,0,17,0,0,20,0,1,0,0
2024-06-04 0:00,2,0,0,0,0,0,0,0,6,0,0,0,0,0,0,0
2024-06-05 0:00,0,0,0,0,0,1,0,0,6,0,0,0,0,0,0,0
2024-06-06 0:00,0,0,0,0,0,0,0,0,0,0,0,0,0,0,0,0
2024-06-07 0:00,0,0,0,0,0,15,0,37,0,15,6,0,0,48,2,0
2024-06-08 0:00,0,0,0,0,0,0,0,0,4,1,0,0,0,0,2,0
2024-06-09 0:00,0,0,0,0,0,0,0,0,10,0,0,0,0,0,0,0
2024-06-10 0:00,0,0,0,0,0,0,0,2,1,0,0,0,0,0,0,0
2024-06-11 0:00,0,0,0,0,0,0,0,0,26,0,0,0,0,0,0,0
2024-06-12 0:00,0,0,0,40,0,0,0,0,123,1,0,0,0,0,0,0
2024-06-13 0:00,0,0,0,0,0,0,0,1,0,0,0,0,0,1,0,0
2024-06-14 0:00,0,0,0,0,0,0,0,0,98,2,0,0,0,55,0,5
2024-06-15 0:00,0,0,0,0,0,0,0,0,12,0,0,0,0,0,0,0
2024-06-16 0:00,2,0,0,0,0,0,0,0,10,0,0,0,0,0,0,0
2024-06-17 0:00,0,0,0,0,6,15,0,0,27,0,15,0,0,0,0,0
2024-06-18 0:00,0,0,0,0,0,0,0,0,54,3,0,0,0,0,0,0
2024-06-19 0:00,0,14,53,6,0,0,0,36,3,0,0,14,0,0,0,0
2024-06-20 0:00,0,0,0,0,0,0,0,1,18,0,0,0,0,1,0,0
2024-06-21 0:00,0,0,0,0,1,0,0,4,0,0,0,0,40,96,0,0
2024-06-22 0:00,0,0,0,0,0,1,0,0,6,0,0,0,0,0,0,0
2024-06-23 0:00,0,0,0,0,0,0,0,0,2,0,0,0,0,0,0,0
2024-06-24 0:00,0,0,0,0,0,0,0,0,4,1,1,0,0,0,1,0
2024-06-25 0:00,0,0,0,0,0,0,0,0,9,1,0,0,0,0,0,0
2024-06-26 0:00,0,45,0,40,0,15,40,36,4,1,20,30,0,1,0,0
2024-06-27 0:00,0,0,0,0,0,1,0,0,0,1,0,0,0,2,1,0
2024-06-28 0:00,0,0,0,0,0,2,0,0,23,0,0,0,0,0,0,0
2024-06-29 0:00,0,0,0,0,0,0,0,0,0,0,0,0,0,0,0,0
2024-06-30 0:00,0,0,0,0,0,0,0,0,0,0,0,0,0,0,0,0
2024-07-01 0:00,0,0,0,0,0,0,0,0,20,2,0,0,0,0,0,0
2024-07-02 0:00,0,0,0,0,0,0,0,0,2,2,-1,0,0,0,0,0
2024-07-03 0:00,0,40,45,6,0,0,12,1,34,10,0,20,0,0,1,0
2024-07-04 0:00,0,0,0,0,0,0,0,0,8,0,0,10,0,0,0,0
2024-07-05 0:00,0,0,0,0,0,0,0,0,30,1,0,0,0,1,0,0
2024-07-06 0:00,0,0,0,0,0,0,0,0,0,0,0,0,0,0,0,0
2024-07-07 0:00,0,0,0,0,0,0,0,0,2,0,0,0,0,0,0,0
2024-07-08 0:00,0,0,0,0,0,0,0,1,4,0,0,0,0,192,2,0
2024-07-09 0:00,0,0,0,0,0,0,0,0,167,0,0,10,0,0,0,0
2024-07-10 0:00,0,30,30,0,15,8,0,0,10,18,5,0,0,0,0,0
2024-07-11 0:00,0,0,0,0,0,0,0,0,2,0,0,0,0,0,0,0
2024-07-12 0:00,17,0,0,-6,0,0,0,0,6,0,0,6,0,4,0,0
2024-07-13 0:00,0,0,0,0,0,0,0,0,1,0,0,0,0,0,0,0
2024-07-14 0:00,0,0,0,0,0,0,0,0,0,1,0,0,0,0,0,0
2024-07-15 0:00,0,0,0,0,0,0,0,0,23,3,0,0,0,0,0,0
2024-07-16 0:00,0,0,0,0,0,0,0,0,6,0,7,0,0,1,0,0
2024-07-17 0:00,0,0,0,0,0,0,0,0,0,1,0,0,0,0,0,0
2024-07-18 0:00,0,0,0,0,0,0,0,1,25,0,0,0,0,1,1,0
2024-07-19 0:00,0,0,0,0,0,0,0,0,28,0,0,10,0,96,0,0
2024-07-20 0:00,0,0,0,-1,0,0,0,2,1,0,0,0,0,0,0,0
2024-07-21 0:00,0,0,0,0,0,0,0,1,4,0,0,0,0,4,0,0
2024-07-22 0:00,0,0,0,0,0,0,0,0,23,1,0,0,0,1,0,0
2024-07-23 0:00,0,0,0,0,0,0,0,0,4,0,0,0,0,0,0,0
2024-07-24 0:00,0,0,0,0,0,-9,0,2,7,0,-9,0,0,0,0,0
2024-07-25 0:00,0,0,0,0,0,0,0,12,10,1,0,10,0,13,0,0
2024-07-26 0:00,-11,0,-7,0,0,-8,-15,-5,2,0,-8,-13,0,140,-9,-6
2024-07-27 0:00,0,0,0,0,0,0,0,0,0,0,0,0,0,0,0,0
2024-07-28 0:00,0,0,0,0,0,0,0,1,0,0,0,0,0,1,0,0
2024-07-29 0:00,1,20,2,0,0,0,0,0,0,0,1,0,0,0,0,1
2024-07-30 0:00,0,0,10,0,0,0,0,1,6,1,0,0,0,0,0,0
2024-07-31 0:00,0,-8,-19,0,0,0,-25,0,1,0,0,0,0,0,0,0
2024-08-01 0:00,10,10,10,10,10,6,10,5,8,8,6,10,0,5,10,10
2024-08-02 0:00,12,0,0,0,0,0,0,0,30,0,0,0,0,7,0,0
2024-08-03 0:00,0,0,0,0,0,0,0,0,4,0,0,0,0,0,0,0
2024-08-04 0:00,0,0,0,0,0,0,0,0,0,0,0,0,0,0,0,0
2024-08-05 0:00,0,0,0,0,0,0,0,1,19,2,0,0,0,0,0,0
2024-08-06 0:00,0,0,0,0,0,0,0,0,5,0,0,0,0,0,0,0
2024-08-07 0:00,0,0,0,0,0,0,0,0,6,1,1,0,0,0,2,0
2024-08-08 0:00,0,0,0,0,0,0,0,0,2,0,0,0,0,0,0,0
2024-08-09 0:00,0,20,20,0,0,15,0,1,18,0,15,0,10,0,0,0
2024-08-10 0:00,0,0,0,0,0,0,0,0,1,0,0,0,0,0,0,0
2024-08-11 0:00,2,0,0,0,0,0,0,0,2,0,0,0,0,0,0,0
2024-08-12 0:00,0,0,0,0,0,1,0,0,0,0,0,0,0,0,0,0
2024-08-13 0:00,0,45,35,0,0,15,0,0,3,0,10,0,10,48,0,0
2024-08-14 0:00,0,0,0,0,0,0,0,0,4,0,0,0,0,0,0,0
2024-08-15 0:00,0,0,0,0,0,0,0,0,10,0,0,0,0,0,0,0
2024-08-16 0:00,0,0,0,0,0,4,1,0,59,0,0,0,0,247,0,0
2024-08-17 0:00,0,0,0,0,0,0,0,0,0,0,0,0,0,0,0,0
2024-08-18 0:00,0,0,0,0,0,0,0,0,2,1,0,0,0,0,0,0
2024-08-19 0:00,0,0,0,0,0,31,40,22,13,0,2,0,30,12,0,0
2024-08-20 0:00,0,0,25,0,0,6,25,6,6,2,0,0,0,2,0,0
2024-08-21 0:00,0,0,0,0,0,0,0,0,0,0,0,0,0,0,0,0
2024-08-22 0:00,0,0,-60,0,0,0,-42,0,2,0,0,0,-80,-30,-25,0
2024-08-23 0:00,0,0,0,15,0,0,0,1,13,0,0,20,0,0,20,10
2024-08-24 0:00,0,0,0,0,0,0,0,0,0,0,0,0,0,0,0,0
2024-08-25 0:00,0,0,0,0,0,0,0,0,0,0,0,0,0,0,0,0
2024-08-26 0:00,0,0,0,0,0,1,0,10,9,1,0,0,0,0,0,0
2024-08-27 0:00,0,0,0,0,0,0,0,0,8,0,0,0,0,0,0,0
2024-08-28 0:00,0,0,0,0,0,0,20,2,0,0,0,0,0,2,0,0
2024-08-29 0:00,0,0,0,0,0,21,0,0,5,1,0,0,0,0,0,0
2024-08-30 0:00,0,0,0,0,0,2,3,13,14,0,0,0,0,1,0,1
2024-08-31 0:00,0,0,0,0,0,0,0,0,0,0,0,0,0,0,0,0
2024-09-01 0:00,0,0,0,0,0,1,0,0,4,0,0,0,0,0,0,0
2024-09-02 0:00,0,0,0,0,0,0,0,0,18,1,5,0,0,0,0,0
2024-09-03 0:00,0,0,0,0,0,0,-2,10,8,0,0,0,0,-1,0,-1
2024-09-04 0:00,0,0,0,0,0,0,0,0,8,0,0,0,0,0,0,0
2024-09-05 0:00,0,0,0,0,0,0,0,0,0,0,0,0,0,0,0,0
2024-09-06 0:00,0,5,15,0,0,0,5,0,1,0,0,0,0,96,0,0
2024-09-07 0:00,0,0,0,0,0,0,0,0,6,0,0,0,0,0,0,0
2024-09-08 0:00,0,0,0,0,0,0,0,0,4,0,0,0,0,0,0,0
2024-09-09 0:00,0,0,0,0,0,1,0,1,10,10,0,0,0,0,1,0
2024-09-10 0:00,0,0,0,0,0,0,0,0,10,0,0,0,0,0,0,0
2024-09-11 0:00,0,0,0,0,0,10,0,0,6,20,0,0,0,0,0,0
2024-09-12 0:00,0,0,0,0,0,0,0,0,11,0,0,0,0,0,0,0
2024-09-13 0:00,0,0,0,0,0,0,0,0,0,0,0,0,0,0,0,0
2024-09-14 0:00,0,0,0,0,0,0,0,0,1,0,0,0,0,0,0,0
2024-09-15 0:00,0,0,0,0,0,0,0,0,4,0,0,0,0,0,0,0
2024-09-16 0:00,0,0,0,0,0,0,0,0,0,0,0,0,0,0,0,0
2024-09-17 0:00,0,0,0,0,0,0,0,0,6,0,0,0,0,0,0,0
2024-09-18 0:00,0,0,0,0,0,0,0,0,0,0,0,0,0,0,0,0
2024-09-19 0:00,12,1,0,10,0,4,0,1,17,1,0,0,0,0,0,0
2024-09-20 0:00,0,0,0,0,0,1,0,1,13,0,0,0,0,1,0,0
2024-09-21 0:00,0,0,0,0,0,0,0,0,0,0,0,0,0,0,0,0
2024-09-22 0:00,0,0,0,0,0,0,0,1,0,0,0,0,0,0,0,0
2024-09-23 0:00,0,0,0,0,0,2,0,0,14,2,0,0,0,0,0,0
2024-09-24 0:00,0,0,40,0,0,0,40,0,4,0,0,0,0,0,0,0
2024-09-25 0:00,2,0,0,0,2,3,0,0,8,2,3,10,0,0,0,0
2024-09-26 0:00,0,0,0,0,0,0,0,0,0,0,0,0,0,10,0,0
2024-09-27 0:00,0,0,0,0,0,0,0,0,15,0,30,30,0,48,0,10
2024-09-28 0:00,0,0,0,0,0,0,0,0,0,0,0,0,0,0,0,0
2024-09-29 0:00,0,0,0,0,0,0,0,0,4,0,0,0,0,0,0,0
2024-09-30 0:00,0,0,0,0,0,3,0,10,0,1,0,0,0,0,0,0
2024-10-01 0:00,0,0,0,0,0,0,0,0,0,0,0,0,0,0,0,0
2024-10-02 0:00,0,0,0,0,0,0,0,0,0,0,0,10,0,0,20,0
2024-10-03 0:00,0,0,0,0,0,0,15,0,10,0,0,0,0,0,0,0
2024-10-04 0:00,0,40,0,40,0,0,0,3,4,1,0,0,0,5,0,12
2024-10-05 0:00,0,0,0,0,0,0,0,0,4,0,0,0,0,0,0,0
2024-10-06 0:00,0,0,0,0,0,1,0,0,0,0,1,0,0,0,0,0
2024-10-07 0:00,5,20,20,20,0,0,5,11,6,1,0,0,0,0,0,0
2024-10-08 0:00,0,0,0,0,0,0,0,0,4,0,0,0,0,0,0,0
2024-10-09 0:00,0,0,0,0,0,0,0,0,0,0,0,0,0,0,0,0
2024-10-10 0:00,0,0,0,-2,0,0,0,0,30,0,0,0,0,0,0,0
2024-10-11 0:00,0,0,10,20,0,0,0,5,3,0,0,0,0,0,1,0
2024-10-12 0:00,0,0,0,0,0,0,0,0,6,0,0,0,0,0,0,0
2024-10-13 0:00,0,0,0,0,0,0,0,0,9,0,0,0,0,1,0,0
2024-10-14 0:00,0,0,0,0,0,0,0,0,36,0,0,0,0,0,0,0
2024-10-15 0:00,0,0,0,10,0,0,0,0,0,0,0,0,0,1,0,0
2024-10-16 0:00,0,0,0,0,0,0,0,0,4,0,0,0,0,0,1,0
2024-10-17 0:00,0,20,0,0,0,0,0,0,0,5,0,0,0,0,0,0
2024-10-18 0:00,0,10,0,0,0,0,0,0,26,0,0,0,0,96,0,0
2024-10-19 0:00,0,0,0,0,0,0,0,0,0,0,0,0,0,0,0,0
2024-10-20 0:00,0,0,0,0,0,0,0,0,0,0,0,0,0,0,0,0
2024-10-21 0:00,0,0,0,0,0,0,0,6,4,0,0,19,0,2,0,0
2024-10-22 0:00,0,0,3,0,0,3,0,0,70,1,0,0,0,1,15,0
2024-10-23 0:00,0,0,2,0,0,0,0,0,6,1,0,0,0,1,0,0
2024-10-24 0:00,0,0,2,0,0,0,0,0,5,0,0,0,0,4,0,0
2024-10-25 0:00,0,0,0,0,0,0,0,0,39,1,0,0,0,144,0,0
2024-10-26 0:00,0,0,0,0,0,0,0,0,0,0,0,0,0,0,0,0
2024-10-27 0:00,0,0,0,0,0,0,0,0,1,0,0,0,0,0,0,0
2024-10-28 0:00,0,0,0,0,0,0,0,1,11,0,0,0,0,0,0,0
2024-10-29 0:00,0,0,0,0,0,1,0,0,2,0,0,15,0,0,0,0
2024-10-30 0:00,0,40,40,0,0,0,0,0,32,0,0,0,40,0,0,0
2024-10-31 0:00,0,0,0,0,0,0,0,3,8,1,0,0,40,2,0,0
2024-11-01 0:00,0,0,0,0,0,0,0,0,4,0,0,0,0,0,0,0
2024-11-02 0:00,0,0,0,0,0,0,0,0,0,0,0,0,0,0,0,0
2024-11-03 0:00,0,0,0,0,0,0,0,0,0,0,0,0,0,0,0,0
2024-11-04 0:00,0,0,0,0,0,0,0,0,26,2,0,0,0,0,0,0
2024-11-05 0:00,0,0,0,0,9,0,0,0,16,1,20,15,0,0,0,0
2024-11-06 0:00,0,20,0,0,0,0,0,0,11,0,0,10,0,0,0,0
2024-11-07 0:00,0,0,0,0,0,0,0,0,1,0,0,0,0,0,0,0
2024-11-08 0:00,0,0,0,10,0,0,0,0,11,0,0,0,0,0,0,0
2024-11-09 0:00,0,0,0,0,0,0,0,0,20,0,0,0,0,0,0,0
2024-11-10 0:00,0,0,0,0,0,0,0,0,1,0,0,0,0,0,0,0
2024-11-11 0:00,0,0,0,0,0,0,0,0,5,2,0,0,0,0,0,0
2024-11-12 0:00,4,0,0,0,4,6,0,0,8,4,6,0,0,0,0,0
2024-11-13 0:00,0,0,0,0,0,0,0,0,5,0,0,0,0,0,0,0
2024-11-14 0:00,1,0,0,60,0,30,0,0,12,0,30,0,0,0,0,30
2024-11-15 0:00,0,25,0,0,0,0,0,0,6,0,0,2,0,0,20,0
2024-11-16 0:00,0,0,0,0,0,0,0,0,0,0,0,0,0,0,0,0
2024-11-17 0:00,0,0,0,0,0,0,1,1,6,1,0,0,0,0,0,0
2024-11-18 0:00,1,30,40,0,0,2,0,0,55,0,0,19,0,48,0,0
2024-11-19 0:00,1,0,10,0,0,0,0,0,2,1,0,0,0,0,0,0
2024-11-20 0:00,0,0,0,0,0,0,0,0,4,1,0,0,0,0,0,0
2024-11-21 0:00,0,0,0,0,0,0,4,0,10,0,0,0,0,4,0,0
2024-11-22 0:00,0,0,0,0,1,0,0,0,19,0,0,0,0,48,0,0
2024-11-23 0:00,0,0,0,0,0,0,0,0,0,0,0,0,0,0,0,0
2024-11-24 0:00,0,0,0,0,0,0,0,0,6,0,0,0,0,0,0,0
2024-11-25 0:00,1,0,0,0,0,0,0,0,20,1,0,0,0,5,0,0
2024-11-26 0:00,0,0,0,0,0,0,0,0,6,0,0,0,0,0,0,0
2024-11-27 0:00,0,0,0,0,0,0,0,0,13,1,0,0,0,2,0,0
2024-11-28 0:00,10,0,0,35,7,0,0,36,5,15,0,20,0,0,1,0
2024-11-29 0:00,0,0,0,0,0,0,0,0,1,0,0,0,0,0,0,0
2024-11-30 0:00,0,0,0,0,0,2,0,0,6,0,0,0,0,0,0,0
2024-12-01 0:00,0,0,0,0,0,1,0,0,0,0,0,0,0,0,0,0
2024-12-02 0:00,0,0,2,0,0,0,0,0,45,0,1,0,0,0,0,0
2024-12-03 0:00,0,0,0,0,0,0,0,2,11,1,0,0,0,0,0,0
2024-12-04 0:00,0,0,0,0,0,0,0,0,6,0,0,0,0,0,0,0
2024-12-05 0:00,0,0,0,0,0,0,0,0,16,0,0,0,0,1,0,0
2024-12-06 0:00,0,0,0,0,0,0,0,0,7,0,0,0,0,0,0,0
2024-12-07 0:00,0,0,0,0,0,0,0,0,2,0,0,0,0,0,0,0
2024-12-08 0:00,0,0,0,0,0,0,0,0,6,0,0,0,0,0,0,0
2024-12-09 0:00,0,0,40,1,1,0,0,0,6,0,0,30,0,0,0,0
2024-12-10 0:00,0,40,0,0,0,0,0,0,2,0,0,0,0,0,0,0
2024-12-11 0:00,0,0,0,0,0,0,0,0,0,0,0,0,0,0,1,6
2024-12-12 0:00,2,0,0,0,0,0,0,0,3,4,0,0,0,0,0,0
2024-12-13 0:00,2,0,0,0,0,0,0,2,42,0,0,0,0,0,0,0
2024-12-14 0:00,0,0,0,0,0,0,0,0,8,0,0,0,0,0,0,0
2024-12-15 0:00,0,0,0,0,0,0,0,0,19,0,0,0,0,0,0,0
2024-12-16 0:00,13,0,1,0,10,0,0,0,0,15,0,0,0,1,0,0
2024-12-17 0:00,0,0,0,10,0,0,0,0,1,0,0,10,0,0,0,0
2024-12-18 0:00,0,0,0,0,0,0,0,0,8,0,0,0,0,0,1,0
2024-12-19 0:00,0,0,2,0,0,0,0,1,6,0,0,0,0,1,1,0
2024-12-20 0:00,0,0,0,0,0,0,0,0,6,0,0,0,0,0,0,0
2024-12-21 0:00,0,0,0,0,0,0,0,0,2,0,0,0,0,0,0,0
2024-12-22 0:00,0,0,0,0,0,0,0,0,3,0,0,0,0,0,0,0
2024-12-23 0:00,0,0,0,0,0,15,20,0,6,0,15,0,10,144,20,4
2024-12-24 0:00,1,0,0,0,0,0,0,0,4,0,0,0,0,0,0,0
2024-12-25 0:00,0,0,0,0,0,0,0,0,6,0,0,0,0,0,0,0
2024-12-26 0:00,0,0,0,0,0,0,40,72,4,10,0,0,0,0,40,0
2024-12-27 0:00,0,0,0,-4,0,-10,-1,0,57,0,0,0,0,0,0,0
2024-12-28 0:00,0,0,0,0,0,0,0,0,4,0,0,0,0,0,0,0
2024-12-29 0:00,0,0,0,0,0,0,0,0,0,0,0,0,0,0,0,0
2024-12-30 0:00,1,0,0,0,0,0,0,0,5,1,0,0,0,0,0,0
2024-12-31 0:00,0,0,0,0,1,0,0,0,0,1,0,0,0,0,0,0
