date,cake_pack,protein_800g,tteokbokki_2,tteokbokki_4,daechang,gopchang,towel_cake,strawberry,udon
2022-01-01,84,30,40,236,50,51,58,77,35
2022-01-02,91,29,35,213,39,60,75,60,33
2022-01-03,94,32,40,288,44,55,72,68,33
2022-01-04,98,33,37,238,32,64,78,67,35
2022-01-05,102,29,39,236,44,57,74,55,39
2022-01-06,104,27,34,247,42,65,69,75,34
2022-01-07,93,38,27,274,37,65,76,71,35
2022-01-08,95,35,30,237,45,60,67,51,27
2022-01-09,85,30,30,267,41,67,78,74,31
2022-01-10,82,33,32,246,45,50,64,77,31
2022-01-11,107,37,32,231,37,69,67,76,34
2022-01-12,90,33,37,246,39,47,78,62,37
2022-01-13,101,36,32,227,40,64,64,67,31
2022-01-14,93,33,38,292,40,57,72,67,28
2022-01-15,106,34,34,251,46,55,70,75,36
2022-01-16,109,38,31,211,41,50,83,71,27
2022-01-17,80,34,36,251,39,53,82,75,33
2022-01-18,91,38,33,209,42,56,66,61,29
2022-01-19,109,34,38,210,37,55,70,74,35
2022-01-20,104,32,35,264,48,66,61,59,39
2022-01-21,97,31,32,242,40,46,78,71,35
2022-01-22,99,35,33,252,40,59,74,82,29
2022-01-23,92,31,40,271,34,57,81,65,34
2022-01-24,89,33,35,245,37,60,79,72,36
2022-01-25,74,36,33,265,43,51,70,71,37
2022-01-26,93,26,34,227,38,56,77,64,32
2022-01-27,98,35,30,252,38,63,76,64,30
2022-01-28,97,34,31,254,36,47,76,68,32
2022-01-29,97,33,33,242,34,45,66,57,37
2022-01-30,95,32,36,226,43,61,69,77,29
2022-01-31,95,28,36,209,39,50,66,76,34
2022-02-01,89,36,33,230,42,52,70,65,34
2022-02-02,94,36,31,253,46,64,89,78,38
2022-02-03,81,35,34,245,40,56,71,66,33
2022-02-04,90,30,34,223,36,57,77,65,35
2022-02-05,91,30,28,225,39,58,65,77,25
2022-02-06,91,28,31,237,41,59,79,55,29
2022-02-07,90,39,31,223,41,52,73,75,29
2022-02-08,95,35,34,226,41,62,87,63,31
2022-02-09,102,33,36,281,40,61,63,59,36
2022-02-10,91,33,37,220,43,66,63,65,33
2022-02-11,72,29,35,204,43,51,74,59,34
2022-02-12,98,32,32,316,40,56,65,79,31
2022-02-13,87,41,35,230,45,63,76,70,33
2022-02-14,72,34,37,256,41,52,68,73,32
2022-02-15,108,33,30,233,38,54,76,62,28
2022-02-16,84,31,38,280,45,51,67,76,34
2022-02-17,89,35,30,192,40,64,60,59,32
2022-02-18,81,34,30,205,52,60,72,72,28
2022-02-19,99,34,36,224,48,57,72,70,31
2022-02-20,85,31,32,248,45,54,71,75,40
2022-02-21,98,28,31,217,52,44,62,60,25
2022-02-22,88,28,41,228,39,58,81,53,28
2022-02-23,101,34,37,221,41,60,72,63,33
2022-02-24,110,28,34,278,33,51,75,72,32
2022-02-25,102,37,32,203,37,55,70,68,31
2022-02-26,105,42,29,223,41,53,64,71,30
2022-02-27,99,30,33,197,40,57,67,82,33
2022-02-28,107,37,33,272,37,58,72,71,33
2022-03-01,81,33,39,201,50,62,87,71,33
2022-03-02,102,31,42,222,39,57,83,72,35
2022-03-03,83,32,38,210,42,56,67,67,33
2022-03-04,102,37,31,245,40,54,78,82,28
2022-03-05,87,37,34,240,42,55,80,72,37
2022-03-06,103,32,34,250,39,62,70,70,34
2022-03-07,72,34,33,283,38,48,74,65,34
2022-03-08,111,31,33,260,41,62,78,80,28
2022-03-09,89,37,39,227,45,55,69,63,28
2022-03-10,89,37,34,258,41,64,58,82,31
2022-03-11,91,33,32,250,45,54,53,61,37
2022-03-12,115,33,33,302,39,51,89,73,28
2022-03-13,97,40,30,248,38,61,80,74,34
2022-03-14,105,34,35,244,42,59,72,77,36
2022-03-15,103,35,30,275,42,52,72,62,30
2022-03-16,97,32,31,257,43,50,72,72,30
2022-03-17,101,32,31,245,45,59,70,71,32
2022-03-18,89,36,30,255,39,58,68,65,28
2022-03-19,100,33,35,238,42,65,72,84,28
2022-03-20,64,40,32,216,42,56,69,61,35
2022-03-21,100,29,39,216,41,67,66,65,38
2022-03-22,84,37,33,184,34,53,70,65,31
2022-03-23,95,30,35,245,46,59,70,78,35
2022-03-24,88,34,34,234,43,53,65,72,27
2022-03-25,98,32,31,281,36,61,81,68,31
2022-03-26,100,33,31,221,39,61,78,66,32
2022-03-27,110,29,38,264,44,51,61,68,37
2022-03-28,97,32,34,204,41,50,69,66,31
2022-03-29,92,31,37,281,39,63,78,67,34
2022-03-30,88,31,35,276,44,65,69,75,31
2022-03-31,100,29,37,250,39,55,66,70,32
2022-04-01,100,32,42,235,45,51,74,70,29
2022-04-02,85,37,27,259,42,65,70,74,33
2022-04-03,112,36,39,231,37,57,68,76,27
2022-04-04,103,31,29,266,46,58,76,63,28
2022-04-05,102,28,34,244,31,60,58,59,34
2022-04-06,96,40,39,250,44,65,75,77,30
2022-04-07,78,28,28,224,41,65,75,69,22
2022-04-08,98,36,40,239,44,52,81,83,31
2022-04-09,86,33,37,258,46,59,74,74,27
2022-04-10,92,34,34,253,40,70,72,85,29
2022-04-11,87,36,36,211,42,57,66,70,26
2022-04-12,97,29,32,214,43,53,56,69,32
2022-04-13,85,31,37,280,38,54,60,77,29
2022-04-14,83,29,35,267,39,50,72,70,33
2022-04-15,104,33,35,233,47,61,63,70,32
2022-04-16,92,29,28,254,35,64,74,74,31
2022-04-17,102,34,32,223,43,57,61,56,27
2022-04-18,90,41,32,248,46,64,62,63,37
2022-04-19,84,29,30,261,40,57,76,66,31
2022-04-20,105,31,31,241,41,60,74,61,29
2022-04-21,106,40,39,245,35,53,76,59,33
2022-04-22,102,33,42,235,49,60,69,77,29
2022-04-23,83,29,36,252,42,59,67,79,28
2022-04-24,111,40,32,186,39,65,61,75,29
2022-04-25,97,32,39,263,44,60,58,61,30
2022-04-26,113,32,32,223,37,71,67,70,32
2022-04-27,111,36,41,245,37,59,78,70,27
2022-04-28,119,35,31,262,41,61,67,70,27
2022-04-29,93,35,36,275,39,66,76,71,31
2022-04-30,91,36,32,232,41,52,69,67,31
2022-05-01,113,34,30,204,46,56,64,74,25
2022-05-02,104,28,35,236,47,58,70,75,33
2022-05-03,95,33,36,229,44,63,73,79,33
2022-05-04,94,36,25,207,45,55,66,59,36
2022-05-05,95,37,35,246,44,56,73,83,29
2022-05-06,80,41,30,275,50,60,72,60,35
2022-05-07,93,35,36,247,40,60,61,64,28
2022-05-08,100,31,42,211,44,51,68,64,32
2022-05-09,94,41,30,231,43,55,73,61,33
2022-05-10,102,30,39,271,47,54,65,71,28
2022-05-11,103,31,38,226,47,70,74,79,32
2022-05-12,80,35,37,260,40,56,59,64,37
2022-05-13,92,35,37,237,43,51,70,67,32
2022-05-14,94,36,38,254,41,58,72,68,35
2022-05-15,96,31,34,192,38,69,73,71,28
2022-05-16,85,36,41,245,46,57,88,81,32
2022-05-17,115,37,30,193,48,54,92,82,34
2022-05-18,100,33,33,262,41,61,68,79,36
2022-05-19,78,27,39,227,42,53,74,77,34
2022-05-20,109,36,34,253,33,58,64,71,36
2022-05-21,104,30,36,296,35,50,74,66,30
2022-05-22,91,30,36,246,39,56,68,69,32
2022-05-23,87,35,30,278,39,57,68,69,32
2022-05-24,73,34,32,249,39,68,69,70,27
2022-05-25,82,32,35,279,42,52,64,60,32
2022-05-26,102,35,40,225,39,59,75,72,30
2022-05-27,98,35,37,216,38,55,73,64,28
2022-05-28,97,37,35,214,43,59,83,72,37
2022-05-29,93,32,30,240,43,55,64,58,32
2022-05-30,99,35,36,233,41,61,80,64,33
2022-05-31,79,36,38,248,40,59,74,73,32
2022-06-01,91,34,28,254,47,56,72,61,25
2022-06-02,82,34,38,227,41,55,74,76,37
2022-06-03,93,35,36,248,38,61,78,54,37
2022-06-04,90,32,36,221,44,61,68,59,28
2022-06-05,95,37,35,243,36,60,66,60,34
2022-06-06,98,34,32,284,40,57,62,61,31
2022-06-07,103,34,39,269,49,53,77,67,32
2022-06-08,69,34,32,241,42,61,71,73,30
2022-06-09,103,38,44,264,45,51,76,62,35
2022-06-10,105,23,32,225,36,54,57,71,30
2022-06-11,107,30,38,232,42,50,76,78,34
2022-06-12,105,30,37,250,33,64,59,74,32
2022-06-13,99,39,25,212,39,48,64,67,34
2022-06-14,110,36,37,299,41,54,71,67,30
2022-06-15,88,37,34,258,42,60,77,69,38
2022-06-16,109,26,34,239,39,65,74,62,36
2022-06-17,80,31,39,210,36,63,69,63,34
2022-06-18,103,31,34,229,40,50,74,76,32
2022-06-19,108,36,34,245,46,55,68,69,34
2022-06-20,83,31,35,284,34,64,72,63,31
2022-06-21,91,34,28,265,42,57,83,74,30
2022-06-22,95,38,36,242,32,56,75,75,31
2022-06-23,94,35,37,221,33,65,76,59,32
2022-06-24,82,32,31,211,33,50,87,70,31
2022-06-25,83,31,32,238,33,53,63,65,29
2022-06-26,98,36,38,255,38,51,68,79,35
2022-06-27,94,33,31,257,40,63,71,64,30
2022-06-28,100,33,34,208,37,59,73,67,30
2022-06-29,93,37,35,257,43,58,53,75,31
2022-06-30,93,28,34,274,40,58,60,71,31
2022-07-01,100,34,31,186,32,68,62,67,37
2022-07-02,106,36,33,197,35,54,79,68,32
2022-07-03,91,33,34,267,35,60,67,62,30
2022-07-04,94,31,32,250,43,53,68,60,41
2022-07-05,90,36,35,204,40,59,63,66,28
2022-07-06,94,30,36,250,39,61,68,86,34
2022-07-07,97,33,28,212,41,55,70,75,35
2022-07-08,107,32,36,216,45,64,69,58,26
2022-07-09,100,36,37,229,40,58,65,67,33
2022-07-10,76,32,37,262,37,69,74,66,30
2022-07-11,107,30,40,236,40,52,71,70,35
2022-07-12,108,34,34,255,44,55,82,59,34
2022-07-13,103,36,38,253,42,51,66,73,33
2022-07-14,106,32,34,247,40,60,64,65,30
2022-07-15,101,29,37,237,37,46,71,73,34
2022-07-16,109,29,35,229,43,65,75,49,30
2022-07-17,96,31,40,271,36,58,77,63,33
2022-07-18,96,33,31,261,36,60,70,81,35
2022-07-19,90,35,39,226,37,70,60,63,28
2022-07-20,98,30,34,284,43,67,66,65,32
2022-07-21,82,32,29,287,45,53,66,70,29
2022-07-22,106,35,25,255,43,57,75,81,29
2022-07-23,95,36,33,258,43,48,80,76,29
2022-07-24,98,35,40,253,51,52,70,65,33
2022-07-25,84,33,32,243,35,59,73,65,29
2022-07-26,105,37,30,252,38,56,66,59,30
2022-07-27,85,30,32,237,46,61,62,64,34
2022-07-28,86,35,31,226,50,62,75,57,29
2022-07-29,96,31,39,219,34,65,62,64,35
2022-07-30,102,33,34,253,44,55,82,65,33
2022-07-31,94,35,36,250,45,64,67,60,34
2022-08-01,85,31,34,198,34,60,72,72,32
2022-08-02,92,40,34,256,35,55,69,67,32
2022-08-03,90,35,32,254,47,58,69,70,31
2022-08-04,75,30,30,219,44,63,77,66,31
2022-08-05,84,35,44,239,36,56,72,67,30
2022-08-06,108,38,34,213,45,56,81,76,33
2022-08-07,112,33,31,263,45,54,84,62,27
2022-08-08,103,33,33,238,35,58,64,71,31
2022-08-09,110,32,38,256,39,52,79,70,31
2022-08-10,91,37,32,253,44,47,79,65,34
2022-08-11,94,34,33,227,37,58,73,62,30
2022-08-12,128,32,38,273,41,59,64,69,31
2022-08-13,105,38,38,223,43,46,70,66,34
2022-08-14,88,34,38,255,40,39,76,68,35
2022-08-15,88,36,33,207,33,65,70,77,28
2022-08-16,99,33,29,266,49,62,73,74,37
2022-08-17,105,44,29,266,40,53,69,62,33
2022-08-18,112,28,38,246,40,63,74,70,27
2022-08-19,84,26,35,219,44,57,76,62,38
2022-08-20,82,33,27,266,45,53,81,72,37
2022-08-21,94,29,32,245,47,55,73,70,33
2022-08-22,86,30,34,266,40,55,63,63,37
2022-08-23,100,36,40,228,40,57,73,68,25
2022-08-24,83,34,45,238,39,59,78,67,31
2022-08-25,92,34,35,253,43,63,65,89,28
2022-08-26,90,32,29,259,44,66,67,79,32
2022-08-27,81,30,35,219,46,53,54,69,31
2022-08-28,98,35,31,228,39,64,75,68,32
2022-08-29,88,31,34,220,40,64,68,68,29
2022-08-30,77,37,34,213,44,57,60,78,32
2022-08-31,98,32,36,252,37,56,66,59,31
2022-09-01,94,30,34,259,38,70,67,66,30
2022-09-02,80,31,37,229,44,50,73,70,30
2022-09-03,97,36,34,219,38,60,74,64,36
2022-09-04,88,28,35,244,42,56,68,69,32
2022-09-05,101,35,36,276,42,51,79,68,32
2022-09-06,102,35,32,245,41,64,78,63,34
2022-09-07,88,32,34,215,47,57,67,67,27
2022-09-08,82,37,33,255,41,48,76,73,29
2022-09-09,106,34,37,260,37,57,78,76,30
2022-09-10,98,37,30,225,36,65,75,71,35
2022-09-11,102,28,34,217,39,62,71,61,30
2022-09-12,100,38,40,256,36,56,73,60,29
2022-09-13,88,42,38,233,39,54,76,73,29
2022-09-14,93,34,31,221,42,57,72,60,31
2022-09-15,100,29,33,268,46,57,67,53,33
2022-09-16,94,36,33,236,47,63,71,75,31
2022-09-17,94,41,34,215,39,60,77,73,31
2022-09-18,93,37,39,195,46,54,72,65,29
2022-09-19,108,31,29,213,38,57,81,75,35
2022-09-20,123,35,31,261,35,59,78,66,27
2022-09-21,101,33,32,236,31,54,58,46,32
2022-09-22,106,37,35,233,44,58,78,72,30
2022-09-23,94,34,33,215,50,52,61,64,27
2022-09-24,95,32,33,233,46,67,75,69,34
2022-09-25,112,33,36,204,40,52,54,71,30
2022-09-26,100,36,36,215,43,59,67,67,32
2022-09-27,92,33,34,226,41,59,80,75,31
2022-09-28,107,29,41,271,34,53,84,82,31
2022-09-29,84,35,36,212,37,55,75,69,30
2022-09-30,104,33,38,278,46,62,47,62,33
2022-10-01,88,41,30,254,43,67,66,75,36
2022-10-02,110,35,35,261,34,59,79,59,33
2022-10-03,113,28,29,254,43,60,70,61,30
2022-10-04,105,35,37,208,37,55,73,64,34
2022-10-05,89,26,28,224,37,48,66,71,34
2022-10-06,103,30,35,256,42,55,65,75,29
2022-10-07,104,32,33,243,44,57,74,66,35
2022-10-08,88,34,35,251,47,60,80,70,24
2022-10-09,90,38,35,221,40,63,62,64,30
2022-10-10,84,38,36,224,34,46,74,77,26
2022-10-11,89,29,35,266,38,56,72,57,35
2022-10-12,90,32,39,231,34,53,70,65,31
2022-10-13,89,33,29,238,33,65,83,70,37
2022-10-14,106,29,34,262,49,47,73,69,32
2022-10-15,100,33,32,219,37,54,82,71,30
2022-10-16,92,40,30,266,33,51,78,64,35
2022-10-17,100,34,35,236,46,61,64,72,28
2022-10-18,89,34,37,292,36,54,71,73,34
2022-10-19,94,27,35,262,35,58,72,78,31
2022-10-20,87,39,36,229,42,53,70,78,31
2022-10-21,100,32,35,247,45,49,61,80,33
2022-10-22,88,29,34,272,38,66,73,67,33
2022-10-23,95,37,38,230,43,61,60,69,36
2022-10-24,91,39,34,260,41,57,68,54,34
2022-10-25,95,34,32,233,43,56,78,63,31
2022-10-26,92,31,35,266,42,52,67,66,31
2022-10-27,89,35,34,221,41,66,65,66,33
2022-10-28,74,32,42,226,46,58,64,70,36
2022-10-29,79,35,37,241,35,68,66,63,31
2022-10-30,81,33,33,267,44,52,76,69,32
2022-10-31,92,31,36,251,40,59,78,67,29
2022-11-01,89,34,32,276,31,57,74,70,34
2022-11-02,100,25,28,247,47,54,77,78,38
2022-11-03,89,36,32,236,43,48,60,73,27
2022-11-04,101,33,32,232,42,49,69,71,29
2022-11-05,89,35,38,232,43,55,76,71,30
2022-11-06,89,26,30,228,38,49,73,78,30
2022-11-07,100,34,35,246,36,57,69,65,35
2022-11-08,91,29,29,270,45,61,73,79,28
2022-11-09,87,32,37,254,44,56,77,78,30
2022-11-10,96,38,38,265,43,58,64,76,34
2022-11-11,88,26,41,227,45,59,79,53,28
2022-11-12,100,31,38,260,42,64,59,67,31
2022-11-13,106,42,33,256,47,48,73,74,27
2022-11-14,89,38,35,191,42,58,62,73,31
2022-11-15,88,37,29,249,38,49,54,69,34
2022-11-16,87,39,34,217,45,64,62,58,32
2022-11-17,89,38,35,269,44,45,73,79,32
2022-11-18,92,32,36,188,47,63,76,69,28
2022-11-19,93,34,38,241,37,55,76,73,31
2022-11-20,97,37,36,221,37,64,81,76,36
2022-11-21,80,38,31,219,45,53,66,68,32
2022-11-22,74,31,40,223,38,61,70,76,34
2022-11-23,84,33,33,231,41,61,70,76,26
2022-11-24,121,32,36,223,44,56,66,66,35
2022-11-25,98,32,33,209,43,53,68,73,37
2022-11-26,94,26,40,233,38,42,65,75,42
2022-11-27,89,29,30,268,44,62,74,60,32
2022-11-28,85,36,28,289,38,60,71,68,33
2022-11-29,92,36,31,236,41,58,73,66,33
2022-11-30,105,35,31,243,43,47,84,72,31
2022-12-01,80,33,38,265,40,59,76,65,31
2022-12-02,91,29,30,224,38,52,59,67,38
2022-12-03,82,30,32,228,41,59,74,76,32
2022-12-04,89,34,41,219,40,57,72,66,28
2022-12-05,98,33,34,211,51,54,57,62,31
2022-12-06,104,35,34,225,43,51,77,63,27
2022-12-07,103,31,35,192,28,57,69,71,28
2022-12-08,96,33,42,241,40,55,61,60,34
2022-12-09,87,27,31,248,47,50,83,76,33
2022-12-10,99,37,30,234,41,52,74,61,27
2022-12-11,100,41,33,215,40,68,74,63,31
2022-12-12,84,28,27,239,46,57,75,62,37
2022-12-13,81,34,36,256,34,60,62,62,31
2022-12-14,88,33,32,245,39,53,76,56,31
2022-12-15,95,34,38,234,42,59,71,67,38
2022-12-16,87,28,36,281,44,63,72,77,32
2022-12-17,101,38,30,191,42,53,61,73,33
2022-12-18,86,26,35,269,45,66,80,72,35
2022-12-19,91,36,39,277,42,68,68,69,32
2022-12-20,81,42,41,227,40,54,73,70,29
2022-12-21,74,34,35,225,45,61,74,83,28
2022-12-22,86,32,32,249,42,53,79,67,35
2022-12-23,97,33,28,254,47,60,73,66,30
2022-12-24,110,34,39,242,40,60,60,60,36
2022-12-25,99,30,30,276,47,61,64,68,26
2022-12-26,86,35,32,224,43,60,80,68,31
2022-12-27,85,35,29,247,38,70,66,70,28
2022-12-28,94,40,30,236,39,58,75,74,34
2022-12-29,72,35,31,271,40,50,74,69,33
2022-12-30,98,35,33,253,47,56,60,64,41
2022-12-31,79,32,34,255,41,46,75,74,30
2023-01-01,102,35,33,278,36,56,82,67,40
2023-01-02,94,36,33,332,36,57,74,71,36
2023-01-03,96,32,35,298,38,55,74,73,37
2023-01-04,93,37,40,284,35,51,66,67,38
2023-01-05,84,34,38,286,31,43,56,55,30
2023-01-06,105,40,32,243,36,64,64,59,38
2023-01-07,103,33,35,265,34,50,53,70,38
2023-01-08,91,35,34,280,34,53,57,54,35
2023-01-09,102,30,30,303,32,61,65,70,33
2023-01-10,93,34,31,202,35,43,76,69,40
2023-01-11,96,31,36,257,40,57,69,82,38
2023-01-12,109,35,35,224,31,46,72,74,35
2023-01-13,99,36,36,292,33,52,69,71,42
2023-01-14,98,27,38,301,38,55,75,76,34
2023-01-15,96,38,38,256,37,52,76,71,39
2023-01-16,88,33,34,245,34,60,70,73,37
2023-01-17,92,36,38,276,33,52,61,65,37
2023-01-18,86,35,29,236,29,60,69,81,43
2023-01-19,92,34,36,290,35,62,73,64,34
2023-01-20,91,39,35,247,37,57,64,77,34
2023-01-21,94,37,33,234,31,49,70,61,44
2023-01-22,85,33,30,243,33,56,67,80,32
2023-01-23,84,39,34,232,37,50,82,84,34
2023-01-24,72,37,34,254,35,60,63,81,36
2023-01-25,92,38,33,240,38,56,71,64,41
2023-01-26,97,35,30,283,32,55,64,75,31
2023-01-27,108,36,42,241,30,65,66,68,30
2023-01-28,106,31,39,244,30,62,78,76,36
2023-01-29,83,38,33,239,32,51,63,82,33
2023-01-30,96,34,36,294,39,56,56,84,43
2023-01-31,97,24,40,279,33,58,69,70,35
2023-02-01,69,31,36,207,44,51,75,77,35
2023-02-02,74,40,29,295,33,49,70,66,33
2023-02-03,88,36,38,275,33,57,69,70,40
2023-02-04,87,42,33,270,34,48,61,62,32
2023-02-05,84,30,39,233,38,62,80,70,39
2023-02-06,111,26,33,315,39,51,65,60,31
2023-02-07,98,36,33,257,32,58,65,64,38
2023-02-08,94,39,34,311,40,65,60,90,31
2023-02-09,90,27,36,322,33,50,52,70,35
2023-02-10,109,39,34,300,39,48,78,66,35
2023-02-11,93,40,31,254,33,47,58,61,31
2023-02-12,83,39,31,280,32,64,77,79,36
2023-02-13,97,40,39,278,38,59,64,59,38
2023-02-14,83,33,38,283,34,56,73,70,33
2023-02-15,100,35,31,262,36,48,66,68,40
2023-02-16,85,28,32,247,31,41,72,65,40
2023-02-17,104,36,36,301,34,60,78,80,37
2023-02-18,98,37,30,291,34,58,74,73,37
2023-02-19,83,38,31,285,38,49,66,75,38
2023-02-20,106,38,34,223,39,44,71,74,36
2023-02-21,94,31,33,247,36,59,67,68,36
2023-02-22,89,28,35,288,35,54,70,74,32
2023-02-23,81,36,31,256,27,60,66,67,28
2023-02-24,95,37,32,272,30,59,70,72,40
2023-02-25,77,34,33,254,36,52,66,62,33
2023-02-26,105,36,31,259,38,49,77,66,37
2023-02-27,86,38,32,278,37,55,71,60,33
2023-02-28,80,43,32,294,32,63,75,66,32
2023-03-01,91,32,34,264,32,46,72,64,40
2023-03-02,99,30,30,276,38,57,67,75,31
2023-03-03,92,33,34,262,38,55,72,61,35
2023-03-04,87,33,30,268,39,55,69,68,39
2023-03-05,114,31,35,279,34,51,64,72,39
2023-03-06,86,31,35,250,31,51,65,65,38
2023-03-07,94,35,28,244,33,65,91,72,37
2023-03-08,81,32,37,291,32,44,74,66,38
2023-03-09,95,29,35,304,33,52,72,63,37
2023-03-10,87,37,38,271,31,51,71,63,33
2023-03-11,88,33,32,303,33,50,57,69,32
2023-03-12,117,38,31,265,35,56,64,73,43
2023-03-13,84,33,37,284,38,57,74,74,35
2023-03-14,84,33,29,270,33,52,70,83,31
2023-03-15,91,31,35,284,30,60,70,71,44
2023-03-16,95,31,38,219,32,58,75,78,30
2023-03-17,102,30,29,250,28,55,84,77,40
2023-03-18,92,36,34,303,34,49,76,68,36
2023-03-19,98,36,35,208,38,55,69,80,42
2023-03-20,86,39,40,240,38,57,73,84,35
2023-03-21,91,33,35,311,37,49,69,72,30
2023-03-22,82,37,35,268,31,52,68,69,36
2023-03-23,106,31,33,285,37,54,69,80,37
2023-03-24,85,33,32,261,33,43,70,70,33
2023-03-25,70,37,34,224,36,57,72,64,39
2023-03-26,80,36,37,272,33,56,81,63,33
2023-03-27,85,40,28,277,35,53,74,70,43
2023-03-28,109,39,29,276,34,54,64,60,39
2023-03-29,83,41,37,255,37,58,78,67,37
2023-03-30,97,33,40,259,38,61,71,73,36
2023-03-31,87,41,30,285,33,46,76,65,29
2023-04-01,100,34,33,241,34,50,86,69,35
2023-04-02,83,34,31,282,43,52,74,77,36
2023-04-03,105,41,28,287,34,66,59,75,36
2023-04-04,96,34,31,311,30,53,77,66,34
2023-04-05,93,32,28,285,38,60,87,65,34
2023-04-06,85,40,39,257,46,53,73,65,30
2023-04-07,104,38,35,239,35,56,69,69,27
2023-04-08,92,31,29,256,31,56,77,75,34
2023-04-09,87,31,30,246,35,56,77,81,39
2023-04-10,100,28,39,267,33,58,63,73,34
2023-04-11,95,30,37,267,35,56,63,62,33
2023-04-12,80,35,38,284,35,50,70,73,39
2023-04-13,79,36,36,255,35,55,77,58,36
2023-04-14,95,35,35,283,28,55,66,71,34
2023-04-15,83,34,37,237,37,55,76,54,35
2023-04-16,98,36,38,277,39,57,67,73,34
2023-04-17,77,32,37,243,35,49,66,79,35
2023-04-18,87,36,35,248,33,55,61,70,35
2023-04-19,105,35,32,283,33,46,57,69,32
2023-04-20,89,38,38,251,34,43,72,70,35
2023-04-21,86,34,37,271,34,63,70,68,33
2023-04-22,82,46,37,302,31,63,59,73,35
2023-04-23,86,30,35,202,30,51,56,70,37
2023-04-24,93,41,32,246,38,55,59,74,34
2023-04-25,79,27,36,281,30,57,62,75,39
2023-04-26,96,29,32,258,30,51,64,69,36
2023-04-27,96,39,38,233,40,51,72,61,34
2023-04-28,86,41,32,281,32,54,66,89,38
2023-04-29,79,35,28,241,35,54,79,68,40
2023-04-30,86,39,38,232,30,52,66,64,41
2023-05-01,83,44,30,277,29,57,75,73,39
2023-05-02,88,35,30,263,33,55,70,64,38
2023-05-03,93,32,35,231,36,50,62,58,35
2023-05-04,89,35,33,245,36,50,55,63,33
2023-05-05,98,37,40,235,35,61,68,65,31
2023-05-06,78,32,34,291,36,55,82,66,33
2023-05-07,91,36,32,265,33,57,67,65,34
2023-05-08,91,37,34,284,28,52,71,71,36
2023-05-09,81,33,38,275,37,45,78,82,31
2023-05-10,106,35,32,239,41,45,64,67,37
2023-05-11,92,36,36,255,38,50,77,81,37
2023-05-12,100,38,33,209,29,55,61,74,37
2023-05-13,87,33,32,263,34,47,74,78,33
2023-05-14,97,32,34,290,35,61,80,73,42
2023-05-15,101,35,30,248,33,50,69,68,33
2023-05-16,75,31,32,270,39,58,66,80,33
2023-05-17,76,36,34,282,38,54,76,76,33
2023-05-18,82,40,35,239,32,48,76,79,31
2023-05-19,102,35,38,222,37,50,69,68,32
2023-05-20,90,29,29,259,34,53,63,63,39
2023-05-21,94,31,31,259,35,46,78,63,39
2023-05-22,91,33,33,249,37,59,68,63,38
2023-05-23,92,30,36,292,30,49,54,76,39
2023-05-24,99,36,36,251,29,55,81,67,34
2023-05-25,94,39,32,245,38,49,60,70,37
2023-05-26,89,36,32,282,35,48,73,54,35
2023-05-27,94,32,36,251,34,59,65,71,33
2023-05-28,74,37,37,271,31,56,71,67,38
2023-05-29,84,34,29,313,31,51,84,64,28
2023-05-30,92,36,35,236,30,52,68,70,36
2023-05-31,92,30,34,284,38,59,77,77,32
2023-06-01,110,30,31,353,36,49,53,82,37
2023-06-02,83,37,33,244,33,58,79,69,30
2023-06-03,96,36,35,241,33,49,67,66,40
2023-06-04,111,40,31,256,36,56,74,69,38
2023-06-05,107,31,34,248,41,43,77,75,30
2023-06-06,103,36,33,218,33,49,73,70,34
2023-06-07,79,32,32,281,35,56,71,70,40
2023-06-08,93,31,35,294,32,57,71,77,35
2023-06-09,85,36,33,314,46,59,67,61,29
2023-06-10,88,36,31,255,37,51,69,67,34
2023-06-11,87,39,32,323,39,59,68,66,35
2023-06-12,93,34,32,337,36,49,73,67,41
2023-06-13,87,37,32,255,35,65,77,69,38
2023-06-14,102,32,39,303,36,55,65,63,39
2023-06-15,93,35,32,224,34,50,66,74,35
2023-06-16,96,36,35,266,33,56,81,75,38
2023-06-17,74,33,29,310,36,51,59,75,32
2023-06-18,104,38,35,248,32,40,84,81,37
2023-06-19,97,33,38,309,38,53,70,73,35
2023-06-20,94,34,33,301,42,46,74,67,33
2023-06-21,106,31,29,308,33,47,69,70,30
2023-06-22,90,39,37,302,32,58,78,75,36
2023-06-23,103,27,36,250,33,54,74,74,34
2023-06-24,106,33,31,249,30,39,67,66,30
2023-06-25,98,36,36,287,35,55,72,71,37
2023-06-26,102,40,41,274,41,58,78,73,29
2023-06-27,91,36,34,275,33,56,82,76,33
2023-06-28,105,39,34,274,39,51,63,85,36
2023-06-29,88,36,30,252,35,45,75,74,36
2023-06-30,87,37,35,273,33,54,64,69,33
2023-07-01,82,35,31,267,43,57,71,65,36
2023-07-02,99,32,35,281,34,52,65,74,36
2023-07-03,90,32,34,272,38,45,80,66,43
2023-07-04,78,28,33,233,38,51,78,76,28
2023-07-05,92,35,38,223,36,50,69,65,35
2023-07-06,86,28,29,281,35,55,54,70,40
2023-07-07,93,29,28,258,38,57,63,65,35
2023-07-08,77,34,32,288,35,51,73,77,34
2023-07-09,95,37,32,302,34,50,70,77,39
2023-07-10,94,36,35,266,36,53,73,81,36
2023-07-11,73,35,32,271,35,53,70,65,40
2023-07-12,92,38,28,264,31,55,66,62,37
2023-07-13,97,37,30,226,42,57,64,78,37
2023-07-14,85,35,33,306,35,46,72,71,34
2023-07-15,86,38,32,263,34,49,63,84,37
2023-07-16,101,38,38,291,38,52,74,68,40
2023-07-17,82,35,31,270,35,58,72,68,31
2023-07-18,95,36,33,293,37,41,64,78,36
2023-07-19,98,37,26,300,28,43,70,74,32
2023-07-20,85,36,35,225,33,56,81,61,42
2023-07-21,85,29,34,294,32,54,64,64,39
2023-07-22,89,31,36,279,33,47,61,71,37
2023-07-23,83,34,33,278,30,45,62,59,35
2023-07-24,80,32,35,245,29,48,67,72,28
2023-07-25,96,30,31,285,36,52,68,74,34
2023-07-26,97,36,33,271,38,59,60,86,37
2023-07-27,77,34,36,242,33,62,73,69,37
2023-07-28,82,38,37,231,36,57,73,75,33
2023-07-29,102,33,34,297,41,60,69,67,38
2023-07-30,101,29,33,303,35,51,60,72,43
2023-07-31,84,34,35,277,39,50,65,69,35
2023-08-01,87,32,36,304,34,54,61,72,39
2023-08-02,107,37,32,285,35,56,71,75,28
2023-08-03,82,35,29,282,30,45,59,55,38
2023-08-04,94,36,39,252,37,44,74,75,35
2023-08-05,96,42,35,289,38,54,67,73,35
2023-08-06,91,38,34,315,33,54,57,71,33
2023-08-07,92,35,35,234,37,59,75,73,40
2023-08-08,81,32,33,273,35,51,62,79,32
2023-08-09,96,31,36,259,33,55,64,60,34
2023-08-10,79,34,35,229,36,50,74,49,31
2023-08-11,109,35,36,281,31,55,70,68,35
2023-08-12,100,37,35,247,38,56,67,82,36
2023-08-13,97,36,38,251,35,50,61,73,40
2023-08-14,81,34,34,253,38,53,67,74,37
2023-08-15,93,26,34,309,37,48,70,84,39
2023-08-16,82,35,30,298,37,45,74,78,32
2023-08-17,102,31,37,306,34,55,61,75,36
2023-08-18,89,37,34,287,38,60,65,58,32
2023-08-19,82,34,36,266,37,42,58,77,34
2023-08-20,78,39,34,215,32,48,80,65,38
2023-08-21,95,35,38,277,35,45,71,65,34
2023-08-22,97,33,32,262,34,60,77,63,33
2023-08-23,93,40,33,235,34,59,57,87,38
2023-08-24,95,35,30,247,34,59,70,80,33
2023-08-25,86,28,31,228,33,61,63,68,32
2023-08-26,99,33,32,219,36,56,75,68,34
2023-08-27,84,32,37,265,34,55,71,74,37
2023-08-28,90,30,33,232,35,52,81,67,36
2023-08-29,83,39,31,278,33,62,60,79,40
2023-08-30,93,33,36,258,35,56,80,66,40
2023-08-31,100,36,31,280,32,49,74,77,41
2023-09-01,93,34,34,276,35,50,62,73,36
2023-09-02,101,37,42,250,38,56,68,64,31
2023-09-03,79,31,33,330,45,58,71,86,36
2023-09-04,85,32,36,300,34,48,66,77,35
2023-09-05,99,36,33,299,32,47,67,85,34
2023-09-06,82,32,32,278,34,47,66,64,42
2023-09-07,98,33,30,240,38,60,59,72,33
2023-09-08,83,39,32,300,34,53,74,65,38
2023-09-09,72,34,30,240,34,53,63,66,35
2023-09-10,78,35,43,269,36,50,79,77,34
2023-09-11,80,33,30,247,39,54,69,71,35
2023-09-12,108,39,32,274,41,53,63,64,37
2023-09-13,89,37,37,255,39,52,70,71,32
2023-09-14,88,40,33,251,27,59,71,63,30
2023-09-15,97,37,34,254,38,56,66,76,34
2023-09-16,75,38,30,242,40,51,72,77,37
2023-09-17,98,33,36,325,41,48,70,84,36
2023-09-18,71,42,33,327,33,51,63,64,33
2023-09-19,91,31,33,262,32,62,63,80,36
2023-09-20,76,32,27,303,31,57,76,77,42
2023-09-21,91,34,37,232,40,43,64,64,38
2023-09-22,111,37,33,303,40,54,76,62,31
2023-09-23,94,33,30,212,35,52,69,90,38
2023-09-24,105,35,33,238,36,54,69,78,33
2023-09-25,89,37,33,296,33,43,58,67,34
2023-09-26,107,33,36,289,43,53,68,74,31
2023-09-27,84,38,31,283,34,59,65,75,34
2023-09-28,85,34,29,257,35,55,77,67,36
2023-09-29,90,38,30,183,37,59,63,68,41
2023-09-30,88,35,34,237,36,56,56,71,39
2023-10-01,77,35,35,285,32,55,71,72,31
2023-10-02,79,35,32,283,41,49,70,68,35
2023-10-03,94,36,33,288,36,57,74,62,38
2023-10-04,88,35,40,260,35,52,71,70,36
2023-10-05,102,33,38,265,31,51,69,69,30
2023-10-06,110,32,28,284,38,56,69,74,34
2023-10-07,90,33,35,274,32,56,77,65,41
2023-10-08,93,33,29,270,37,56,71,82,34
2023-10-09,88,36,41,237,32,59,68,76,39
2023-10-10,96,37,35,263,39,67,80,73,37
2023-10-11,94,38,39,234,29,56,76,72,38
2023-10-12,101,31,38,249,34,55,74,68,40
2023-10-13,69,34,34,263,41,49,81,75,35
2023-10-14,92,37,38,239,34,50,64,67,36
2023-10-15,91,43,38,267,36,56,51,73,36
2023-10-16,100,34,37,291,30,60,56,77,31
2023-10-17,110,41,29,290,38,46,77,75,42
2023-10-18,77,37,33,319,32,44,60,64,39
2023-10-19,100,38,35,257,36,62,63,80,31
2023-10-20,101,40,38,270,29,52,67,79,36
2023-10-21,85,35,31,254,32,52,79,78,33
2023-10-22,87,39,37,275,39,55,80,57,35
2023-10-23,83,40,35,267,31,43,71,71,31
2023-10-24,107,30,39,288,38,60,71,64,30
2023-10-25,100,32,32,266,40,53,79,71,34
2023-10-26,99,34,31,260,33,50,77,74,39
2023-10-27,94,34,28,303,31,55,70,70,35
2023-10-28,105,35,32,283,33,55,56,76,28
2023-10-29,79,37,32,234,34,52,62,77,36
2023-10-30,87,28,30,271,39,53,72,68,38
2023-10-31,88,33,29,296,37,51,76,80,37
2023-11-01,90,27,37,272,30,59,70,64,41
2023-11-02,108,34,35,278,32,57,69,78,36
2023-11-03,92,35,35,269,30,54,69,81,38
2023-11-04,102,33,30,266,28,51,69,67,35
2023-11-05,94,38,36,258,43,62,60,68,39
2023-11-06,86,34,33,226,40,49,66,66,27
2023-11-07,91,35,38,255,29,66,74,63,38
2023-11-08,91,27,28,235,34,60,69,66,35
2023-11-09,89,38,32,313,33,48,49,64,36
2023-11-10,91,28,36,277,42,52,68,75,35
2023-11-11,92,32,35,229,31,51,71,71,41
2023-11-12,103,42,30,250,34,51,59,65,37
2023-11-13,74,34,38,258,35,53,61,72,36
2023-11-14,93,41,31,274,34,63,72,70,41
2023-11-15,91,32,39,295,33,47,78,61,35
2023-11-16,95,34,30,274,39,52,68,86,33
2023-11-17,92,37,35,273,32,57,74,66,35
2023-11-18,93,41,34,278,38,59,79,68,35
2023-11-19,95,32,36,261,36,55,55,75,41
2023-11-20,75,33,35,286,34,56,76,77,40
2023-11-21,97,39,37,275,31,44,66,75,34
2023-11-22,89,35,34,275,30,54,76,61,34
2023-11-23,84,32,39,293,35,52,87,70,34
2023-11-24,86,31,33,266,36,59,63,62,33
2023-11-25,85,38,31,251,35,39,72,67,45
2023-11-26,92,31,37,311,32,56,69,64,30
2023-11-27,94,36,37,319,31,56,69,68,42
2023-11-28,88,25,36,253,32,51,71,78,33
2023-11-29,80,34,36,276,41,50,69,71,35
2023-11-30,83,37,39,242,35,46,54,83,36
2023-12-01,88,38,36,226,35,48,61,56,41
2023-12-02,91,37,35,274,34,60,68,66,33
2023-12-03,112,36,36,261,29,56,50,66,35
2023-12-04,103,34,36,253,35,54,64,85,32
2023-12-05,95,41,35,273,31,46,56,64,36
2023-12-06,101,36,30,235,28,50,57,74,35
2023-12-07,89,28,34,321,38,46,61,81,34
2023-12-08,89,39,31,234,39,47,78,67,44
2023-12-09,102,35,36,271,35,49,59,62,38
2023-12-10,96,35,36,295,37,51,69,58,40
2023-12-11,82,35,39,199,42,56,66,67,33
2023-12-12,103,33,32,248,33,61,76,77,41
2023-12-13,91,30,30,297,36,51,76,71,41
2023-12-14,99,40,37,236,38,51,67,60,35
2023-12-15,95,38,37,252,39,62,77,66,35
2023-12-16,86,35,35,321,34,38,59,74,37
2023-12-17,78,32,35,239,37,60,67,64,36
2023-12-18,90,34,30,205,36,58,72,77,36
2023-12-19,84,33,28,283,39,46,65,75,39
2023-12-20,96,34,37,297,34,51,62,80,38
2023-12-21,68,30,34,280,33,51,72,66,29
2023-12-22,102,33,44,261,36,58,68,77,34
2023-12-23,104,30,35,291,38,54,77,79,29
2023-12-24,84,32,35,277,36,49,64,57,35
2023-12-25,117,35,36,238,36,54,70,67,29
2023-12-26,90,33,37,282,40,65,88,78,31
2023-12-27,109,31,29,294,32,48,64,73,35
2023-12-28,87,33,32,264,43,58,77,88,36
2023-12-29,86,30,29,240,36,61,63,76,41
2023-12-30,87,36,37,255,32,45,69,66,41
2023-12-31,94,30,30,283,37,46,80,76,39
2024-01-01,102,29,30,268,33,66,52,81,37
2024-01-02,103,33,27,256,36,57,51,74,28
2024-01-03,82,35,35,270,35,62,70,76,41
2024-01-04,94,33,33,258,38,70,58,80,35
2024-01-05,80,28,34,292,35,67,57,76,34
2024-01-06,79,26,27,213,42,53,67,88,33
2024-01-07,94,35,31,267,37,59,52,73,39
2024-01-08,83,34,32,255,33,59,62,93,40
2024-01-09,79,28,33,299,34,58,65,84,35
2024-01-10,92,36,30,246,32,55,55,97,37
2024-01-11,73,27,29,228,28,54,57,81,39
2024-01-12,72,31,30,295,37,57,59,82,36
2024-01-13,102,39,32,253,38,51,63,85,40
2024-01-14,102,28,30,279,37,66,53,77,33
2024-01-15,90,29,33,272,36,51,59,79,37
2024-01-16,106,27,28,224,34,66,62,80,36
2024-01-17,88,31,34,220,39,67,58,96,36
2024-01-18,101,36,30,217,42,55,48,77,44
2024-01-19,86,38,32,206,32,50,58,84,34
2024-01-20,104,32,30,196,34,64,59,84,36
2024-01-21,103,31,31,268,32,48,64,72,38
2024-01-22,107,31,30,214,35,56,59,83,34
2024-01-23,93,33,27,259,35,52,69,82,39
2024-01-24,81,37,29,239,27,65,65,81,37
2024-01-25,91,25,30,267,31,56,74,77,30
2024-01-26,88,33,33,255,29,61,63,83,41
2024-01-27,100,31,37,240,31,54,61,75,36
2024-01-28,97,27,27,286,37,43,62,94,32
2024-01-29,92,31,29,261,26,62,61,87,43
2024-01-30,104,27,33,253,32,52,76,90,35
2024-01-31,105,32,35,286,33,60,66,80,33
2024-02-01,83,30,28,235,37,51,47,88,40
2024-02-02,78,34,30,256,38,60,57,82,40
2024-02-03,88,35,28,212,34,55,64,77,34
2024-02-04,102,33,27,205,41,62,57,76,40
2024-02-05,107,29,33,269,37,59,58,85,30
2024-02-06,96,36,30,281,34,60,55,87,38
2024-02-07,98,25,24,242,34,72,56,76,35
2024-02-08,92,31,36,257,32,62,55,74,44
2024-02-09,81,32,31,256,31,54,65,84,29
2024-02-10,91,32,32,222,34,58,63,88,36
2024-02-11,72,33,31,222,33,53,69,95,32
2024-02-12,83,32,29,228,33,63,59,95,37
2024-02-13,87,38,32,257,41,61,68,83,36
2024-02-14,98,30,30,264,39,67,55,79,33
2024-02-15,100,36,29,248,37,57,57,82,42
2024-02-16,85,33,29,200,31,58,58,78,41
2024-02-17,99,30,33,237,36,60,65,87,38
2024-02-18,95,31,32,267,36,56,56,89,41
2024-02-19,105,31,33,254,28,68,62,90,45
2024-02-20,117,28,29,249,31,46,62,72,43
2024-02-21,86,38,30,278,32,56,64,78,36
2024-02-22,92,34,36,272,35,60,49,71,35
2024-02-23,96,26,31,210,32,43,49,84,33
2024-02-24,101,30,28,258,36,53,56,87,40
2024-02-25,102,32,30,273,37,56,54,87,39
2024-02-26,83,32,27,268,32,59,69,81,31
2024-02-27,100,33,29,232,36,60,70,86,37
2024-02-28,89,29,28,250,37,58,56,86,34
2024-02-29,86,34,32,227,33,61,52,83,37
2024-03-01,81,31,28,271,25,56,58,83,36
2024-03-02,107,34,31,260,34,57,61,76,42
2024-03-03,88,30,34,263,31,59,63,83,33
2024-03-04,95,32,33,217,35,57,66,88,32
2024-03-05,91,33,28,250,34,45,51,88,41
2024-03-06,100,35,28,198,36,65,58,85,39
2024-03-07,87,31,32,215,27,54,51,74,38
2024-03-08,77,31,33,288,32,45,58,88,30
2024-03-09,81,35,26,228,35,46,55,62,34
2024-03-10,84,35,34,268,36,63,64,78,37
2024-03-11,102,31,30,262,34,58,52,83,38
2024-03-12,104,27,31,270,38,59,63,89,36
2024-03-13,88,31,34,253,39,58,69,69,35
2024-03-14,94,33,34,226,35,68,74,80,33
2024-03-15,84,35,33,320,33,54,59,70,39
2024-03-16,111,36,33,277,28,66,62,72,36
2024-03-17,85,26,29,241,34,52,61,88,32
2024-03-18,112,29,32,250,38,44,73,94,38
2024-03-19,105,35,31,246,37,68,62,92,33
2024-03-20,97,27,28,233,36,55,61,90,34
2024-03-21,85,37,28,240,37,53,61,84,40
2024-03-22,91,33,31,263,35,58,50,74,36
2024-03-23,100,32,30,243,33,51,59,86,35
2024-03-24,88,28,30,266,36,47,68,85,38
2024-03-25,97,37,26,265,37,54,66,82,36
2024-03-26,99,31,33,243,39,59,62,67,38
2024-03-27,77,29,34,213,32,53,65,77,40
2024-03-28,95,27,27,266,30,62,67,91,31
2024-03-29,102,36,31,213,30,51,58,65,39
2024-03-30,93,30,32,257,35,64,57,91,37
2024-03-31,100,31,31,242,37,65,63,67,39
2024-04-01,81,34,29,237,36,56,64,77,33
2024-04-02,98,31,26,259,36,61,58,78,36
2024-04-03,95,30,32,263,33,63,53,83,28
2024-04-04,99,32,34,250,35,56,51,77,37
2024-04-05,105,30,28,208,34,63,58,84,41
2024-04-06,91,30,30,273,37,57,52,66,39
2024-04-07,90,35,28,261,42,58,58,81,36
2024-04-08,82,32,38,249,35,57,57,61,40
2024-04-09,98,29,24,236,40,70,59,93,32
2024-04-10,84,33,33,257,35,54,60,79,35
2024-04-11,86,31,34,219,37,45,64,81,39
2024-04-12,95,32,32,236,28,58,61,75,46
2024-04-13,96,27,32,284,29,60,65,78,43
2024-04-14,80,35,31,234,32,69,69,66,43
2024-04-15,103,29,26,286,44,56,61,76,44
2024-04-16,104,36,30,196,39,54,54,84,39
2024-04-17,88,35,31,248,32,51,61,80,37
2024-04-18,104,32,30,208,33,52,55,84,40
2024-04-19,94,35,30,218,24,51,62,93,33
2024-04-20,95,28,32,252,36,62,64,87,30
2024-04-21,99,35,33,229,34,66,64,88,34
2024-04-22,101,29,35,241,30,57,62,95,31
2024-04-23,87,26,29,211,35,65,56,80,38
2024-04-24,78,30,36,252,35,53,59,76,39
2024-04-25,100,29,26,236,32,69,56,81,43
2024-04-26,106,34,30,234,37,66,60,85,37
2024-04-27,76,27,28,217,34,67,68,86,43
2024-04-28,91,37,29,231,42,54,68,83,41
2024-04-29,88,30,31,250,29,66,62,70,41
2024-04-30,103,30,29,203,31,71,64,81,36
2024-05-01,94,31,29,243,36,56,63,84,36
2024-05-02,92,30,28,273,38,52,58,78,33
2024-05-03,94,33,28,204,27,51,62,82,31
2024-05-04,98,37,34,222,30,68,53,99,35
2024-05-05,80,31,35,245,31,53,42,77,30
2024-05-06,102,40,31,233,40,48,58,74,37
2024-05-07,98,30,30,248,37,65,61,68,42
2024-05-08,92,36,30,235,37,56,66,91,43
2024-05-09,90,34,27,224,28,52,69,84,36
2024-05-10,101,34,27,271,35,54,66,65,40
2024-05-11,95,36,30,232,36,61,50,74,35
2024-05-12,101,31,31,226,34,63,70,85,36
2024-05-13,103,30,27,277,33,52,55,92,37
2024-05-14,94,36,30,222,35,62,66,82,36
2024-05-15,90,26,33,200,38,50,53,71,34
2024-05-16,85,30,29,253,35,54,57,77,39
2024-05-17,95,30,29,258,28,54,51,78,32
2024-05-18,98,32,28,243,40,70,64,82,44
2024-05-19,90,27,29,226,32,62,56,83,37
2024-05-20,91,33,33,244,37,66,62,86,33
2024-05-21,105,35,33,195,32,68,59,81,40
2024-05-22,92,32,25,219,36,62,60,72,36
2024-05-23,109,30,36,260,25,61,61,76,36
2024-05-24,98,29,32,235,36,51,58,75,39
2024-05-25,91,27,32,234,34,56,61,67,38
2024-05-26,98,32,26,224,32,58,72,96,37
2024-05-27,103,31,38,243,32,64,67,79,42
2024-05-28,91,39,32,246,37,59,73,79,32
2024-05-29,103,29,36,258,34,65,55,88,36
2024-05-30,96,31,27,250,32,62,62,77,44
2024-05-31,88,31,31,219,37,53,64,71,34
2024-06-01,92,31,33,318,30,48,66,86,30
2024-06-02,89,31,27,269,34,52,63,87,36
2024-06-03,89,29,25,243,35,51,61,82,33
2024-06-04,103,34,34,252,35,52,59,91,31
2024-06-05,96,29,31,243,38,64,62,74,34
2024-06-06,76,37,36,261,29,64,68,70,34
2024-06-07,91,31,31,228,40,60,55,87,36
2024-06-08,81,29,25,256,34,58,65,83,36
2024-06-09,85,30,30,261,35,63,52,97,35
2024-06-10,110,31,31,206,35,68,54,86,41
2024-06-11,77,34,32,261,32,56,62,79,38
2024-06-12,88,31,29,274,33,64,53,78,38
2024-06-13,89,30,34,202,37,49,60,77,41
2024-06-14,99,37,23,199,33,59,56,89,33
2024-06-15,103,32,29,241,34,47,46,70,35
2024-06-16,84,34,26,267,35,49,62,83,42
2024-06-17,100,30,28,245,35,62,54,79,40
2024-06-18,100,29,32,276,35,60,59,73,32
2024-06-19,94,32,26,200,39,63,64,80,42
2024-06-20,106,34,29,274,36,58,62,72,29
2024-06-21,92,33,34,255,34,69,61,77,39
2024-06-22,103,29,31,207,27,58,49,75,34
2024-06-23,109,33,34,208,28,50,68,88,32
2024-06-24,76,31,32,250,36,51,57,74,39
2024-06-25,95,30,31,239,33,58,60,90,37
2024-06-26,84,26,27,222,33,52,65,72,32
2024-06-27,95,31,34,296,34,64,56,86,33
2024-06-28,95,32,29,302,29,59,61,80,34
2024-06-29,93,27,34,264,31,48,64,71,41
2024-06-30,91,35,29,271,36,53,69,83,36
2024-07-01,88,31,31,260,42,60,58,86,39
2024-07-02,78,36,30,249,41,72,62,89,37
2024-07-03,100,35,30,254,33,62,54,80,35
2024-07-04,98,37,30,220,33,54,63,85,36
2024-07-05,92,26,35,263,31,66,62,79,39
2024-07-06,91,28,30,240,34,51,54,68,31
2024-07-07,93,33,28,257,37,59,50,87,43
2024-07-08,105,34,37,233,31,66,52,62,33
2024-07-09,106,27,35,243,35,59,63,84,35
2024-07-10,102,32,37,204,36,57,53,82,38
2024-07-11,84,31,29,262,32,61,67,78,36
2024-07-12,91,29,34,250,35,57,58,76,36
2024-07-13,91,35,30,204,34,67,59,87,34
2024-07-14,85,29,27,223,33,62,75,80,39
2024-07-15,91,30,27,231,35,62,65,84,35
2024-07-16,95,31,32,296,34,54,64,92,25
2024-07-17,96,27,29,202,34,61,56,80,40
2024-07-18,99,32,32,191,35,62,56,82,40
2024-07-19,97,31,31,245,26,63,55,86,43
2024-07-20,86,32,30,256,31,50,59,79,30
2024-07-21,104,29,28,285,37,58,59,98,40
2024-07-22,99,29,35,287,30,56,63,81,44
2024-07-23,91,28,35,232,33,63,60,68,40
2024-07-24,92,29,37,281,34,58,60,92,38
2024-07-25,92,33,28,213,30,64,69,84,36
2024-07-26,83,23,33,222,32,50,61,78,33
2024-07-27,116,28,29,227,33,60,53,75,40
2024-07-28,87,32,28,269,28,57,61,77,38
2024-07-29,107,34,30,259,31,58,57,85,41
2024-07-30,94,35,29,257,28,58,61,77,35
2024-07-31,104,28,33,206,34,47,69,87,43
2024-08-01,94,36,31,274,39,47,59,80,36
2024-08-02,94,30,34,228,30,51,60,96,36
2024-08-03,95,33,33,264,35,65,52,93,36
2024-08-04,85,36,33,230,34,51,64,77,30
2024-08-05,96,32,27,249,30,52,60,80,37
2024-08-06,95,27,30,264,33,51,55,84,38
2024-08-07,97,29,28,238,38,63,64,85,31
2024-08-08,123,30,27,242,40,55,65,82,35
2024-08-09,97,34,31,254,38,66,59,75,40
2024-08-10,87,30,27,264,33,52,63,81,26
2024-08-11,81,29,26,252,35,50,65,87,31
2024-08-12,93,29,27,255,31,54,61,80,40
2024-08-13,85,34,32,258,38,58,67,79,38
2024-08-14,100,32,27,283,35,63,64,67,42
2024-08-15,89,35,32,227,35,55,54,75,40
2024-08-16,92,31,28,267,42,65,69,76,35
2024-08-17,106,31,36,204,38,51,56,85,34
2024-08-18,74,28,32,254,34,72,61,78,35
2024-08-19,89,32,28,286,33,44,56,76,34
2024-08-20,98,32,30,278,32,58,62,79,35
2024-08-21,83,27,29,286,34,64,58,98,43
2024-08-22,91,38,37,224,37,63,53,69,39
2024-08-23,100,30,28,272,38,51,76,72,34
2024-08-24,98,37,30,205,38,57,57,79,37
2024-08-25,97,28,32,285,32,60,61,84,36
2024-08-26,96,34,33,185,36,61,63,80,42
2024-08-27,98,32,32,259,34,56,67,93,34
2024-08-28,88,34,26,243,36,48,59,84,41
2024-08-29,81,29,33,197,32,59,68,74,39
2024-08-30,85,26,28,187,31,52,67,97,41
2024-08-31,90,34,30,246,37,55,62,86,45
2024-09-01,81,29,38,240,35,45,65,77,38
2024-09-02,94,34,29,263,35,55,66,77,36
2024-09-03,95,32,31,235,33,64,61,84,45
2024-09-04,87,31,33,253,38,59,55,70,38
2024-09-05,94,36,34,255,36,57,65,79,34
2024-09-06,98,33,29,240,35,57,54,87,38
2024-09-07,99,30,37,257,30,53,62,73,41
2024-09-08,95,35,31,251,30,63,57,84,34
2024-09-09,88,34,29,217,28,57,58,69,35
2024-09-10,98,31,34,226,38,55,60,70,36
2024-09-11,75,32,29,221,34,47,67,92,30
2024-09-12,98,34,31,233,30,58,62,72,34
2024-09-13,92,33,35,239,35,61,55,70,43
2024-09-14,83,31,29,224,42,52,60,92,38
2024-09-15,109,26,33,279,32,66,46,92,36
2024-09-16,93,36,28,233,34,55,56,68,39
2024-09-17,104,28,27,279,33,53,54,83,33
2024-09-18,106,29,38,272,39,48,59,88,36
2024-09-19,80,35,29,226,34,60,62,75,40
2024-09-20,89,22,31,247,34,54,61,95,42
2024-09-21,110,36,25,218,36,51,66,73,39
2024-09-22,84,37,32,302,36,54,69,82,40
2024-09-23,86,31,32,253,34,59,60,79,34
2024-09-24,98,32,26,263,38,53,51,76,38
2024-09-25,92,32,25,251,38,56,62,89,38
2024-09-26,93,28,27,236,34,48,51,73,35
2024-09-27,105,25,35,217,31,55,57,89,37
2024-09-28,75,31,39,243,38,65,65,90,40
2024-09-29,90,30,28,206,44,54,56,98,37
2024-09-30,97,34,30,242,31,67,65,101,34
2024-10-01,105,32,31,249,28,48,59,86,39
2024-10-02,102,28,27,261,41,53,61,77,33
2024-10-03,100,34,31,267,32,62,65,81,38
2024-10-04,93,31,31,260,38,49,59,92,39
2024-10-05,93,30,32,274,35,50,56,73,34
2024-10-06,100,29,31,238,31,40,54,79,33
2024-10-07,82,27,31,236,32,52,59,73,36
2024-10-08,100,30,33,222,33,59,60,78,40
2024-10-09,94,29,27,274,40,58,57,88,37
2024-10-10,110,33,31,241,34,64,62,73,35
2024-10-11,85,33,39,236,36,52,58,78,41
2024-10-12,104,33,25,212,37,58,60,79,29
2024-10-13,83,30,27,252,42,49,66,84,40
2024-10-14,96,31,29,234,32,49,53,73,38
2024-10-15,104,33,31,248,38,58,46,72,37
2024-10-16,101,27,31,237,38,59,59,61,32
2024-10-17,103,33,29,258,34,65,65,87,35
2024-10-18,84,28,28,213,30,52,53,80,35
2024-10-19,89,34,26,260,39,49,50,80,37
2024-10-20,95,29,29,248,36,67,65,73,33
2024-10-21,105,32,29,279,35,63,48,81,38
2024-10-22,107,33,30,238,33,52,61,89,42
2024-10-23,81,34,30,249,31,63,56,79,33
2024-10-24,104,29,32,256,32,57,56,68,35
2024-10-25,107,32,36,193,36,53,70,83,35
2024-10-26,112,29,29,191,34,46,63,84,38
2024-10-27,107,30,38,281,38,63,61,71,27
2024-10-28,94,37,32,239,35,56,59,88,32
2024-10-29,102,28,33,188,37,52,66,102,34
2024-10-30,91,31,33,230,31,61,58,77,38
2024-10-31,84,34,31,241,39,66,62,63,39
2024-11-01,93,29,29,215,32,63,64,78,38
2024-11-02,116,32,29,239,34,65,60,90,37
2024-11-03,100,33,32,244,30,54,62,79,30
2024-11-04,77,28,31,214,34,61,54,82,31
2024-11-05,96,35,30,236,32,59,68,92,36
2024-11-06,87,30,25,256,33,62,64,76,42
2024-11-07,81,36,26,209,29,67,65,91,43
2024-11-08,97,33,32,248,39,55,62,81,35
2024-11-09,107,31,25,240,37,65,64,87,31
2024-11-10,88,30,34,206,34,52,57,100,39
2024-11-11,104,29,36,251,32,61,65,79,32
2024-11-12,98,33,28,204,30,54,67,72,35
2024-11-13,81,29,34,289,31,58,53,85,32
2024-11-14,83,31,32,254,28,62,51,94,35
2024-11-15,102,30,32,232,37,72,59,90,32
2024-11-16,89,30,31,219,32,54,56,73,35
2024-11-17,101,32,30,255,37,57,57,73,37
2024-11-18,98,39,31,200,35,54,56,76,31
2024-11-19,97,31,28,273,31,50,61,71,30
2024-11-20,93,28,31,222,36,54,56,87,33
2024-11-21,101,30,29,227,36,62,63,87,45
2024-11-22,98,24,31,236,33,60,61,71,38
2024-11-23,91,35,37,255,35,50,61,76,37
2024-11-24,82,30,31,234,37,50,60,85,39
2024-11-25,105,33,26,209,33,53,55,105,33
2024-11-26,93,25,30,197,35,56,66,72,37
2024-11-27,96,31,30,234,34,63,56,82,34
2024-11-28,100,31,32,239,34,72,57,84,38
2024-11-29,89,32,33,224,35,59,57,70,31
2024-11-30,105,35,26,281,40,56,53,79,32
2024-12-01,101,28,30,225,36,59,62,90,40
2024-12-02,100,26,31,231,41,56,55,77,43
2024-12-03,89,32,29,259,35,55,68,92,40
2024-12-04,91,32,32,242,32,58,64,94,34
2024-12-05,81,37,32,237,41,59,56,81,36
2024-12-06,86,31,28,280,32,64,63,64,43
2024-12-07,99,29,29,252,32,59,64,75,30
2024-12-08,92,31,32,211,29,50,63,80,41
2024-12-09,88,36,30,285,36,60,65,84,37
2024-12-10,90,33,34,245,33,48,62,85,35
2024-12-11,105,36,27,244,38,63,60,69,44
2024-12-12,82,34,33,246,39,54,57,87,38
2024-12-13,103,33,30,218,40,53,68,75,33
2024-12-14,93,34,30,222,28,58,63,82,38
2024-12-15,99,37,25,282,38,59,63,91,39
2024-12-16,89,37,35,229,33,55,61,92,41
2024-12-17,91,29,29,213,29,52,55,86,32
2024-12-18,98,33,32,292,32,56,55,65,34
2024-12-19,115,31,30,238,33,60,52,96,38
2024-12-20,91,29,34,253,35,58,55,89,41
2024-12-21,97,31,33,237,34,53,64,75,35
2024-12-22,105,28,29,242,38,46,61,74,29
2024-12-23,96,29,32,244,34,55,64,77,36
2024-12-24,110,35,32,212,30,61,64,82,36
2024-12-25,112,28,32,281,31,65,59,84,38
2024-12-26,90,33,28,242,33,50,55,95,36
2024-12-27,83,28,34,235,35,59,61,75,33
2024-12-28,83,29,30,278,29,65,50,83,33
2024-12-29,90,30,34,275,29,63,61,70,38
2024-12-30,118,34,27,258,33,65,61,89,30
2024-12-31,102,35,27,218,33,49,54,94,33
